-- --------------------------------------------------------
-- 호스트:                          127.0.0.1
-- 서버 버전:                        10.6.4-MariaDB - mariadb.org binary distribution
-- 서버 OS:                        Win64
-- HeidiSQL 버전:                  11.3.0.6295
-- --------------------------------------------------------

/*!40101 SET @OLD_CHARACTER_SET_CLIENT=@@CHARACTER_SET_CLIENT */;
/*!40101 SET NAMES utf8 */;
/*!50503 SET NAMES utf8mb4 */;
/*!40014 SET @OLD_FOREIGN_KEY_CHECKS=@@FOREIGN_KEY_CHECKS, FOREIGN_KEY_CHECKS=0 */;
/*!40101 SET @OLD_SQL_MODE=@@SQL_MODE, SQL_MODE='NO_AUTO_VALUE_ON_ZERO' */;
/*!40111 SET @OLD_SQL_NOTES=@@SQL_NOTES, SQL_NOTES=0 */;


-- shop 데이터베이스 구조 내보내기
CREATE DATABASE IF NOT EXISTS `shop` /*!40100 DEFAULT CHARACTER SET utf8mb3 */;
USE `shop`;

-- 테이블 shop.category 구조 내보내기
CREATE TABLE IF NOT EXISTS `category` (
  `category_name` varchar(200) NOT NULL,
  `update_date` datetime NOT NULL,
  `create_date` datetime NOT NULL,
  `category_state` enum('Y','N') NOT NULL,
  PRIMARY KEY (`category_name`)
) ENGINE=InnoDB DEFAULT CHARSET=utf8mb3;

-- 테이블 데이터 shop.category:~5 rows (대략적) 내보내기
DELETE FROM `category`;
/*!40000 ALTER TABLE `category` DISABLE KEYS */;
INSERT INTO `category` (`category_name`, `update_date`, `create_date`, `category_state`) VALUES
	('경제', '2021-09-17 15:14:03', '2021-09-17 15:14:04', 'Y'),
	('만화', '2021-09-17 15:13:48', '2021-09-17 15:13:49', 'Y'),
	('소설', '2021-09-17 15:13:29', '2021-09-17 15:13:32', 'Y'),
	('여행', '2021-09-17 15:13:57', '2021-09-17 15:13:58', 'Y'),
	('외국어', '2021-10-12 17:54:49', '2021-09-17 15:14:43', 'Y');
/*!40000 ALTER TABLE `category` ENABLE KEYS */;

-- 테이블 shop.ebook 구조 내보내기
CREATE TABLE IF NOT EXISTS `ebook` (
  `ebook_no` int(11) NOT NULL AUTO_INCREMENT,
  `ebook_isbn` char(13) NOT NULL,
  `category_name` varchar(50) NOT NULL,
  `ebook_title` varchar(50) NOT NULL,
  `ebook_author` varchar(50) NOT NULL,
  `ebook_company` varchar(50) NOT NULL,
  `ebook_page_count` int(11) NOT NULL,
  `ebook_price` int(11) NOT NULL,
  `ebook_img` varchar(50) NOT NULL,
  `ebook_summary` text NOT NULL,
  `ebook_state` enum('판매중','품절','절판','구편절판') NOT NULL,
  `create_date` datetime NOT NULL,
  `update_date` datetime NOT NULL,
  PRIMARY KEY (`ebook_no`),
  KEY `FK_ebook_category` (`category_name`),
  CONSTRAINT `FK_ebook_category` FOREIGN KEY (`category_name`) REFERENCES `category` (`category_name`) ON DELETE NO ACTION ON UPDATE NO ACTION
) ENGINE=InnoDB AUTO_INCREMENT=1001 DEFAULT CHARSET=utf8mb3;

-- 테이블 데이터 shop.ebook:~997 rows (대략적) 내보내기
DELETE FROM `ebook`;
/*!40000 ALTER TABLE `ebook` DISABLE KEYS */;
INSERT INTO `ebook` (`ebook_no`, `ebook_isbn`, `category_name`, `ebook_title`, `ebook_author`, `ebook_company`, `ebook_page_count`, `ebook_price`, `ebook_img`, `ebook_summary`, `ebook_state`, `create_date`, `update_date`) VALUES
	(1, '331821217-2', '여행', 'Duobam', 'Paulina', 'Edgeclub', 886, 22821, 'noimage.jpg', 'elementum pellentesque quisque porta volutpat erat quisque erat eros viverra eget congue eget semper rutrum nulla nunc purus', '품절', '2021-04-14 00:00:00', '2021-09-23 00:00:00'),
	(2, '965444452-6', '여행', 'Keylex', 'Winthrop', 'Fatz', 136, 27042, 'noimage.jpg', 'integer a nibh in quis justo maecenas rhoncus aliquam lacus morbi quis tortor id nulla ultrices aliquet maecenas leo odio', '품절', '2020-11-18 00:00:00', '2021-09-23 00:00:00'),
	(3, '978607039-9', '만화', 'Toughjoyfax', 'Cinnamon', 'Wordtune', 314, 29521, 'noimage.jpg', 'vel pede morbi porttitor lorem id ligula suspendisse ornare consequat lectus', '절판', '2021-07-20 00:00:00', '2021-09-23 00:00:00'),
	(4, '375589674-5', '소설', 'Cardguard', 'Leesa', 'Yamia', 252, 23794, 'noimage.jpg', 'tincidunt ante vel ipsum praesent blandit lacinia erat vestibulum sed magna at nunc', '품절', '2020-12-11 00:00:00', '2021-09-23 00:00:00'),
	(5, '311051169-X', '경제', 'Bytecard', 'Grayce', 'Topiclounge', 859, 11701, 'noimage.jpg', 'ut nulla sed accumsan felis ut at dolor quis odio consequat varius integer', '품절', '2021-08-13 00:00:00', '2021-09-23 00:00:00'),
	(6, '064119712-8', '만화', 'Daltfresh', 'Pattin', 'Feedmix', 110, 23610, 'noimage.jpg', 'est quam pharetra magna ac consequat metus sapien ut nunc', '절판', '2020-12-11 00:00:00', '2021-09-23 00:00:00'),
	(7, '822725151-X', '소설', 'Prodder', 'Artemis', 'Devcast', 837, 23312, 'noimage.jpg', 'lobortis convallis tortor risus dapibus augue vel accumsan tellus nisi eu orci mauris lacinia sapien', '품절', '2020-11-04 00:00:00', '2021-09-23 00:00:00'),
	(8, '462987565-4', '여행', 'Zaam-Dox', 'Becka', 'Zoonoodle', 279, 16942, 'noimage.jpg', 'commodo vulputate justo in blandit ultrices enim lorem ipsum dolor sit amet consectetuer adipiscing', '품절', '2021-08-01 00:00:00', '2021-09-23 00:00:00'),
	(9, '804460011-6', '경제', 'Zaam-Dox', 'Wendeline', 'Realbuzz', 632, 15955, 'noimage.jpg', 'ac consequat metus sapien ut nunc vestibulum ante ipsum primis in faucibus orci luctus et', '구편절판', '2021-03-28 00:00:00', '2021-09-23 00:00:00'),
	(10, '337989356-0', '외국어', 'Aerified', 'Olwen', 'Snaptags', 486, 25372, 'noimage.jpg', 'eget congue eget semper rutrum nulla nunc purus phasellus in felis donec semper sapien a libero', '판매중', '2020-10-21 00:00:00', '2021-09-23 00:00:00'),
	(11, '502673103-1', '소설', 'Tampflex', 'Leshia', 'Oyope', 179, 27929, 'noimage.jpg', 'venenatis lacinia aenean sit amet justo morbi ut odio cras mi pede malesuada in imperdiet et commodo', '판매중', '2021-09-05 00:00:00', '2021-09-23 00:00:00'),
	(12, '036478636-1', '여행', 'Stringtough', 'Consalve', 'Devbug', 764, 19957, 'noimage.jpg', 'condimentum id luctus nec molestie sed justo pellentesque viverra pede ac diam cras pellentesque volutpat dui maecenas tristique', '판매중', '2021-08-01 00:00:00', '2021-09-23 00:00:00'),
	(13, '351530354-5', '만화', 'Tin', 'Caryl', 'Fanoodle', 139, 10674, 'noimage.jpg', 'viverra pede ac diam cras pellentesque volutpat dui maecenas tristique est et tempus semper', '품절', '2020-12-09 00:00:00', '2021-09-23 00:00:00'),
	(14, '371127580-X', '소설', 'Temp', 'Betsy', 'Skyble', 520, 10216, 'noimage.jpg', 'odio odio elementum eu interdum eu tincidunt in leo maecenas pulvinar', '품절', '2021-06-07 00:00:00', '2021-09-23 00:00:00'),
	(15, '998658881-2', '소설', 'Flexidy', 'Leodora', 'Twitterworks', 278, 7595, 'noimage.jpg', 'odio justo sollicitudin ut suscipit a feugiat et eros vestibulum ac est lacinia nisi venenatis tristique', '구편절판', '2021-04-23 00:00:00', '2021-09-23 00:00:00'),
	(16, '736362108-X', '여행', 'Latlux', 'Codi', 'Myworks', 607, 8809, 'noimage.jpg', 'lectus suspendisse potenti in eleifend quam a odio in hac habitasse platea dictumst maecenas ut massa quis augue luctus', '품절', '2020-11-28 00:00:00', '2021-09-23 00:00:00'),
	(17, '612289573-3', '여행', 'Ventosanzap', 'Vernon', 'Jatri', 748, 18937, 'noimage.jpg', 'nunc nisl duis bibendum felis sed interdum venenatis turpis enim', '판매중', '2021-01-05 00:00:00', '2021-09-23 00:00:00'),
	(18, '364777362-X', '소설', 'Cardify', 'Tammy', 'Topicblab', 270, 5451, 'noimage.jpg', 'semper rutrum nulla nunc purus phasellus in felis donec semper sapien a libero nam dui proin leo odio', '절판', '2021-08-23 00:00:00', '2021-09-23 00:00:00'),
	(19, '689954843-7', '경제', 'Rank', 'Gayle', 'Feednation', 393, 23268, 'noimage.jpg', 'orci nullam molestie nibh in lectus pellentesque at nulla suspendisse potenti cras in purus eu magna vulputate luctus cum', '품절', '2020-10-20 00:00:00', '2021-09-23 00:00:00'),
	(20, '794226590-0', '외국어', 'Viva', 'Ameline', 'Voolia', 428, 11399, 'noimage.jpg', 'nullam orci pede venenatis non sodales sed tincidunt eu felis fusce', '절판', '2020-10-18 00:00:00', '2021-09-23 00:00:00'),
	(21, '393022420-8', '외국어', 'Sonsing', 'Mirilla', 'Yacero', 125, 7824, 'noimage.jpg', 'sollicitudin mi sit amet lobortis sapien sapien non mi integer ac neque duis bibendum morbi non quam nec', '품절', '2021-01-20 00:00:00', '2021-09-23 00:00:00'),
	(22, '977710054-X', '외국어', 'Y-find', 'Olivero', 'Nlounge', 924, 17711, 'noimage.jpg', 'sapien arcu sed augue aliquam erat volutpat in congue etiam justo etiam pretium iaculis justo in hac habitasse platea', '품절', '2021-05-27 00:00:00', '2021-09-23 00:00:00'),
	(23, '721415305-X', '여행', 'Zaam-Dox', 'Whitaker', 'Yambee', 509, 11254, 'noimage.jpg', 'interdum in ante vestibulum ante ipsum primis in faucibus orci', '절판', '2021-06-25 00:00:00', '2021-09-23 00:00:00'),
	(24, '849122313-4', '외국어', 'Veribet', 'Mac', 'Twimm', 757, 24330, 'noimage.jpg', 'quam fringilla rhoncus mauris enim leo rhoncus sed vestibulum sit amet cursus id turpis integer aliquet massa id lobortis convallis', '절판', '2020-10-02 00:00:00', '2021-09-23 00:00:00'),
	(25, '345051332-X', '여행', 'Home Ing', 'Cullan', 'Eamia', 434, 28912, 'noimage.jpg', 'cras in purus eu magna vulputate luctus cum sociis natoque penatibus et magnis dis parturient montes', '품절', '2021-05-18 00:00:00', '2021-09-23 00:00:00'),
	(26, '910977133-6', '소설', 'Fintone', 'Gaven', 'Voonix', 989, 26167, 'noimage.jpg', 'lectus pellentesque eget nunc donec quis orci eget orci vehicula condimentum curabitur in', '품절', '2021-07-21 00:00:00', '2021-09-23 00:00:00'),
	(27, '558695785-X', '경제', 'Konklab', 'Liuka', 'Skyvu', 637, 29024, 'noimage.jpg', 'nulla mollis molestie lorem quisque ut erat curabitur gravida nisi at nibh in hac', '판매중', '2021-08-21 00:00:00', '2021-09-23 00:00:00'),
	(28, '376987127-8', '소설', 'Wrapsafe', 'Jarrett', 'Eare', 342, 13909, 'noimage.jpg', 'congue elementum in hac habitasse platea dictumst morbi vestibulum velit id pretium iaculis diam', '절판', '2020-10-28 00:00:00', '2021-09-23 00:00:00'),
	(29, '771193354-1', '소설', 'Quo Lux', 'Mordecai', 'Meedoo', 513, 6595, 'noimage.jpg', 'est risus auctor sed tristique in tempus sit amet sem fusce consequat nulla nisl nunc nisl', '구편절판', '2021-02-14 00:00:00', '2021-09-23 00:00:00'),
	(30, '230460054-9', '외국어', 'Span', 'Brod', 'Ooba', 624, 12803, 'noimage.jpg', 'quam fringilla rhoncus mauris enim leo rhoncus sed vestibulum sit amet cursus', '절판', '2021-04-22 00:00:00', '2021-09-23 00:00:00'),
	(31, '999833794-1', '여행', 'Vagram', 'Parker', 'Skalith', 480, 26417, 'noimage.jpg', 'nunc proin at turpis a pede posuere nonummy integer non', '품절', '2021-07-05 00:00:00', '2021-09-23 00:00:00'),
	(32, '511128161-4', '소설', 'Cardguard', 'Clarie', 'Jaloo', 567, 19908, 'noimage.jpg', 'aliquam convallis nunc proin at turpis a pede posuere nonummy', '판매중', '2021-01-17 00:00:00', '2021-09-23 00:00:00'),
	(33, '332374937-5', '만화', 'Tempsoft', 'Maurits', 'Yoveo', 821, 21071, 'noimage.jpg', 'ac nulla sed vel enim sit amet nunc viverra dapibus nulla suscipit ligula in lacus curabitur', '품절', '2021-08-25 00:00:00', '2021-09-23 00:00:00'),
	(34, '811309142-4', '소설', 'Job', 'Marget', 'Shufflester', 281, 15055, 'noimage.jpg', 'erat id mauris vulputate elementum nullam varius nulla facilisi cras non velit nec nisi', '절판', '2020-11-04 00:00:00', '2021-09-23 00:00:00'),
	(35, '989917396-7', '외국어', 'Bitwolf', 'Ximenez', 'Quire', 508, 25431, 'noimage.jpg', 'nisl aenean lectus pellentesque eget nunc donec quis orci eget orci vehicula condimentum', '구편절판', '2021-02-13 00:00:00', '2021-09-23 00:00:00'),
	(36, '668235363-4', '소설', 'Lotstring', 'Annie', 'Izio', 974, 27323, 'noimage.jpg', 'lorem integer tincidunt ante vel ipsum praesent blandit lacinia erat vestibulum', '판매중', '2021-04-26 00:00:00', '2021-09-23 00:00:00'),
	(37, '655834736-9', '외국어', 'Temp', 'Delmor', 'Trudoo', 170, 26585, 'noimage.jpg', 'diam neque vestibulum eget vulputate ut ultrices vel augue vestibulum ante ipsum primis', '판매중', '2021-05-30 00:00:00', '2021-09-23 00:00:00'),
	(38, '566320207-2', '경제', 'Regrant', 'Dedie', 'Tambee', 428, 11238, 'noimage.jpg', 'aliquet pulvinar sed nisl nunc rhoncus dui vel sem sed sagittis nam congue', '품절', '2020-11-10 00:00:00', '2021-09-23 00:00:00'),
	(39, '839530976-7', '경제', 'Rank', 'Lucia', 'Skyndu', 180, 18268, 'noimage.jpg', 'nulla eget eros elementum pellentesque quisque porta volutpat erat quisque erat', '판매중', '2021-05-25 00:00:00', '2021-09-23 00:00:00'),
	(40, '746004147-5', '여행', 'Cardguard', 'Erich', 'Digitube', 835, 16678, 'noimage.jpg', 'erat curabitur gravida nisi at nibh in hac habitasse platea dictumst aliquam augue quam sollicitudin vitae consectetuer', '절판', '2021-02-05 00:00:00', '2021-09-23 00:00:00'),
	(41, '296159448-0', '외국어', 'Flowdesk', 'Aron', 'Quatz', 621, 15769, 'noimage.jpg', 'justo maecenas rhoncus aliquam lacus morbi quis tortor id nulla ultrices', '판매중', '2021-03-20 00:00:00', '2021-09-23 00:00:00'),
	(42, '868998630-8', '경제', 'Biodex', 'Boony', 'Yabox', 783, 14741, 'noimage.jpg', 'ligula nec sem duis aliquam convallis nunc proin at turpis a pede posuere nonummy', '절판', '2020-11-17 00:00:00', '2021-09-23 00:00:00'),
	(43, '441834965-0', '경제', 'Vagram', 'Jaquith', 'Zoomzone', 217, 6424, 'noimage.jpg', 'lobortis sapien sapien non mi integer ac neque duis bibendum morbi non quam nec', '절판', '2020-10-01 00:00:00', '2021-09-23 00:00:00'),
	(44, '082533598-1', '외국어', 'Fintone', 'Sharl', 'Fiveclub', 532, 8355, 'noimage.jpg', 'erat eros viverra eget congue eget semper rutrum nulla nunc purus', '구편절판', '2021-08-26 00:00:00', '2021-09-23 00:00:00'),
	(45, '329238935-6', '경제', 'Cardify', 'Clarita', 'Oozz', 999, 23106, 'noimage.jpg', 'luctus tincidunt nulla mollis molestie lorem quisque ut erat curabitur gravida nisi', '구편절판', '2021-08-07 00:00:00', '2021-09-23 00:00:00'),
	(46, '530217682-3', '경제', 'Bitchip', 'Taylor', 'Blogspan', 868, 8754, 'noimage.jpg', 'non mauris morbi non lectus aliquam sit amet diam in magna bibendum imperdiet nullam', '절판', '2021-06-12 00:00:00', '2021-09-23 00:00:00'),
	(47, '494238577-6', '만화', 'Zontrax', 'Moyra', 'Jaxworks', 462, 28721, 'noimage.jpg', 'dictumst maecenas ut massa quis augue luctus tincidunt nulla mollis molestie', '구편절판', '2020-12-07 00:00:00', '2021-09-23 00:00:00'),
	(48, '558979799-3', '여행', 'Voyatouch', 'Eric', 'Twinder', 662, 7299, 'noimage.jpg', 'lacus curabitur at ipsum ac tellus semper interdum mauris ullamcorper purus sit amet nulla quisque arcu libero rutrum', '판매중', '2021-02-24 00:00:00', '2021-09-23 00:00:00'),
	(49, '785916757-3', '외국어', 'Ronstring', 'Lisetta', 'Zoozzy', 677, 16640, 'noimage.jpg', 'justo nec condimentum neque sapien placerat ante nulla justo aliquam quis turpis eget elit sodales scelerisque mauris', '판매중', '2020-12-30 00:00:00', '2021-09-23 00:00:00'),
	(51, '433726733-6', '여행', 'Kanlam', 'Rad', 'Brainlounge', 942, 26353, 'noimage.jpg', 'vestibulum eget vulputate ut ultrices vel augue vestibulum ante ipsum primis in faucibus orci luctus et ultrices posuere cubilia', '판매중', '2020-12-01 00:00:00', '2021-09-23 00:00:00'),
	(52, '400177279-5', '경제', 'Sonair', 'Erda', 'Quamba', 224, 7476, 'noimage.jpg', 'orci nullam molestie nibh in lectus pellentesque at nulla suspendisse potenti cras in purus', '품절', '2021-06-19 00:00:00', '2021-09-23 00:00:00'),
	(53, '536576543-5', '여행', 'Zontrax', 'Vernor', 'Trilia', 800, 17068, 'noimage.jpg', 'lectus suspendisse potenti in eleifend quam a odio in hac habitasse platea dictumst maecenas ut massa', '품절', '2021-06-28 00:00:00', '2021-09-23 00:00:00'),
	(54, '523217100-3', '소설', 'Zontrax', 'Andy', 'Quire', 366, 19064, 'noimage.jpg', 'aenean sit amet justo morbi ut odio cras mi pede malesuada', '품절', '2021-05-28 00:00:00', '2021-09-23 00:00:00'),
	(55, '954756775-6', '여행', 'Voyatouch', 'Louisette', 'Aibox', 691, 11745, 'noimage.jpg', 'vehicula condimentum curabitur in libero ut massa volutpat convallis morbi odio odio elementum', '구편절판', '2021-01-22 00:00:00', '2021-09-23 00:00:00'),
	(56, '176695872-9', '외국어', 'Regrant', 'Zsa zsa', 'Jabbercube', 995, 20932, 'noimage.jpg', 'amet cursus id turpis integer aliquet massa id lobortis convallis tortor risus dapibus augue vel accumsan tellus', '구편절판', '2021-02-02 00:00:00', '2021-09-23 00:00:00'),
	(57, '867439265-2', '경제', 'Regrant', 'Grover', 'LiveZ', 515, 9903, 'noimage.jpg', 'porttitor id consequat in consequat ut nulla sed accumsan felis ut at dolor quis odio consequat', '품절', '2020-10-13 00:00:00', '2021-09-23 00:00:00'),
	(58, '343237128-4', '외국어', 'Subin', 'Addie', 'Babbleset', 509, 6271, 'noimage.jpg', 'pede morbi porttitor lorem id ligula suspendisse ornare consequat lectus in est risus auctor sed tristique in', '절판', '2020-10-08 00:00:00', '2021-09-23 00:00:00'),
	(59, '721337361-7', '경제', 'It', 'Jud', 'Skajo', 145, 23214, 'noimage.jpg', 'ultricies eu nibh quisque id justo sit amet sapien dignissim vestibulum vestibulum ante ipsum', '구편절판', '2021-08-09 00:00:00', '2021-09-23 00:00:00'),
	(60, '758891385-1', '경제', 'Wrapsafe', 'Corissa', 'Eazzy', 200, 12703, 'noimage.jpg', 'sit amet eros suspendisse accumsan tortor quis turpis sed ante vivamus tortor duis mattis egestas metus aenean fermentum donec', '품절', '2021-05-18 00:00:00', '2021-09-23 00:00:00'),
	(61, '749107350-6', '만화', 'Temp', 'Pascale', 'Dazzlesphere', 906, 9792, 'noimage.jpg', 'quisque porta volutpat erat quisque erat eros viverra eget congue eget semper rutrum nulla nunc purus', '판매중', '2021-01-10 00:00:00', '2021-09-23 00:00:00'),
	(62, '621240257-4', '여행', 'Bytecard', 'Pauli', 'Skilith', 481, 27569, 'noimage.jpg', 'maecenas pulvinar lobortis est phasellus sit amet erat nulla tempus vivamus in', '구편절판', '2020-10-10 00:00:00', '2021-09-23 00:00:00'),
	(63, '902902003-2', '여행', 'Toughjoyfax', 'Bibbie', 'Innotype', 741, 7898, 'noimage.jpg', 'justo eu massa donec dapibus duis at velit eu est', '품절', '2021-08-11 00:00:00', '2021-09-23 00:00:00'),
	(64, '763129381-3', '여행', 'Job', 'Craig', 'Wordtune', 594, 7345, 'noimage.jpg', 'cubilia curae mauris viverra diam vitae quam suspendisse potenti nullam', '판매중', '2021-08-30 00:00:00', '2021-09-23 00:00:00'),
	(65, '798547541-9', '외국어', 'Viva', 'Ardeen', 'Mynte', 316, 19690, 'noimage.jpg', 'eleifend luctus ultricies eu nibh quisque id justo sit amet sapien dignissim vestibulum vestibulum ante', '구편절판', '2021-03-17 00:00:00', '2021-09-23 00:00:00'),
	(66, '894198563-3', '경제', 'Duobam', 'Enriqueta', 'Twimbo', 907, 23182, 'noimage.jpg', 'quisque id justo sit amet sapien dignissim vestibulum vestibulum ante ipsum primis in faucibus orci', '구편절판', '2021-01-03 00:00:00', '2021-09-23 00:00:00'),
	(67, '785853629-X', '소설', 'Bamity', 'Sigfrid', 'Buzzbean', 594, 20743, 'noimage.jpg', 'vehicula consequat morbi a ipsum integer a nibh in quis justo maecenas rhoncus aliquam lacus morbi quis tortor id', '품절', '2020-11-06 00:00:00', '2021-09-23 00:00:00'),
	(68, '857093189-1', '외국어', 'Asoka', 'Kacie', 'Yoveo', 165, 22262, 'noimage.jpg', 'lobortis est phasellus sit amet erat nulla tempus vivamus in felis eu sapien cursus vestibulum proin eu mi nulla ac', '구편절판', '2020-12-23 00:00:00', '2021-09-23 00:00:00'),
	(69, '653278103-7', '여행', 'Opela', 'Bernarr', 'Aivee', 679, 8369, 'noimage.jpg', 'ultrices erat tortor sollicitudin mi sit amet lobortis sapien sapien non mi integer', '품절', '2020-11-18 00:00:00', '2021-09-23 00:00:00'),
	(70, '916937383-3', '소설', 'Regrant', 'Ferdie', 'Wordpedia', 414, 27820, 'noimage.jpg', 'ac diam cras pellentesque volutpat dui maecenas tristique est et tempus semper est quam pharetra magna ac consequat metus', '구편절판', '2021-09-19 00:00:00', '2021-09-23 00:00:00'),
	(71, '471474797-5', '소설', 'Zoolab', 'Charles', 'Ozu', 439, 7318, 'noimage.jpg', 'vel nisl duis ac nibh fusce lacus purus aliquet at feugiat non pretium quis', '구편절판', '2021-07-03 00:00:00', '2021-09-23 00:00:00'),
	(72, '067743980-6', '만화', 'Fintone', 'Kipp', 'Meetz', 701, 6454, 'noimage.jpg', 'posuere cubilia curae nulla dapibus dolor vel est donec odio justo sollicitudin ut suscipit a feugiat et', '절판', '2020-12-16 00:00:00', '2021-09-23 00:00:00'),
	(73, '722930384-2', '만화', 'Ronstring', 'Conant', 'Dabshots', 130, 15666, 'noimage.jpg', 'porttitor lorem id ligula suspendisse ornare consequat lectus in est risus', '구편절판', '2021-08-15 00:00:00', '2021-09-23 00:00:00'),
	(74, '163785974-0', '소설', 'Stim', 'Celine', 'Jaxspan', 649, 9817, 'noimage.jpg', 'feugiat non pretium quis lectus suspendisse potenti in eleifend quam a odio in hac habitasse', '품절', '2021-03-24 00:00:00', '2021-09-23 00:00:00'),
	(75, '594870528-5', '소설', 'Treeflex', 'Cati', 'Tagtune', 124, 15204, 'noimage.jpg', 'sagittis nam congue risus semper porta volutpat quam pede lobortis ligula sit amet eleifend pede libero quis orci nullam molestie', '품절', '2021-08-29 00:00:00', '2021-09-23 00:00:00'),
	(76, '216295570-9', '외국어', 'Redhold', 'Ursala', 'Realbuzz', 145, 15467, 'noimage.jpg', 'justo nec condimentum neque sapien placerat ante nulla justo aliquam quis turpis eget elit sodales scelerisque mauris', '절판', '2021-09-06 00:00:00', '2021-09-23 00:00:00'),
	(77, '840904984-8', '외국어', 'Voltsillam', 'Liza', 'Quatz', 208, 11431, 'noimage.jpg', 'elit ac nulla sed vel enim sit amet nunc viverra dapibus nulla suscipit ligula in lacus curabitur', '품절', '2021-06-26 00:00:00', '2021-09-23 00:00:00'),
	(78, '894881480-X', '소설', 'Sonsing', 'Henka', 'Meezzy', 181, 6381, 'noimage.jpg', 'condimentum neque sapien placerat ante nulla justo aliquam quis turpis eget elit sodales', '구편절판', '2021-02-22 00:00:00', '2021-09-23 00:00:00'),
	(79, '361933493-5', '만화', 'Stringtough', 'Miltie', 'Topicshots', 691, 29966, 'noimage.jpg', 'velit vivamus vel nulla eget eros elementum pellentesque quisque porta volutpat erat quisque erat eros viverra eget congue eget', '구편절판', '2021-04-01 00:00:00', '2021-09-23 00:00:00'),
	(80, '909679026-X', '소설', 'Zaam-Dox', 'Helge', 'Browsezoom', 693, 24136, 'noimage.jpg', 'magna ac consequat metus sapien ut nunc vestibulum ante ipsum primis in faucibus orci luctus et ultrices', '절판', '2021-07-22 00:00:00', '2021-09-23 00:00:00'),
	(81, '263910807-7', '만화', 'It', 'Vevay', 'Wordware', 153, 20051, 'noimage.jpg', 'sociis natoque penatibus et magnis dis parturient montes nascetur ridiculus mus etiam vel augue vestibulum', '판매중', '2021-01-07 00:00:00', '2021-09-23 00:00:00'),
	(82, '528689492-5', '만화', 'Holdlamis', 'Eugenius', 'Edgewire', 359, 13951, 'noimage.jpg', 'sapien iaculis congue vivamus metus arcu adipiscing molestie hendrerit at vulputate vitae nisl aenean', '절판', '2021-07-21 00:00:00', '2021-09-23 00:00:00'),
	(83, '444773358-7', '경제', 'Toughjoyfax', 'Ardyth', 'Feedfire', 553, 8099, 'noimage.jpg', 'eget vulputate ut ultrices vel augue vestibulum ante ipsum primis in faucibus orci luctus', '구편절판', '2021-06-24 00:00:00', '2021-09-23 00:00:00'),
	(84, '087613409-6', '만화', 'Hatity', 'Stanislaus', 'Youspan', 167, 6802, 'noimage.jpg', 'tempus vivamus in felis eu sapien cursus vestibulum proin eu', '판매중', '2020-12-03 00:00:00', '2021-09-23 00:00:00'),
	(85, '426713014-0', '소설', 'Bitwolf', 'Conrad', 'Avamm', 693, 26389, 'noimage.jpg', 'leo rhoncus sed vestibulum sit amet cursus id turpis integer aliquet massa id lobortis convallis tortor risus', '절판', '2021-01-19 00:00:00', '2021-09-23 00:00:00'),
	(86, '511180379-3', '만화', 'Zathin', 'Josy', 'Bluejam', 565, 25887, 'noimage.jpg', 'integer pede justo lacinia eget tincidunt eget tempus vel pede morbi porttitor lorem id ligula suspendisse ornare consequat lectus in', '구편절판', '2020-10-30 00:00:00', '2021-09-23 00:00:00'),
	(87, '090860456-4', '외국어', 'Tin', 'Marcelline', 'Fadeo', 685, 11884, 'noimage.jpg', 'sit amet eros suspendisse accumsan tortor quis turpis sed ante vivamus tortor duis mattis egestas metus aenean fermentum donec', '구편절판', '2021-08-18 00:00:00', '2021-09-23 00:00:00'),
	(88, '269793490-1', '외국어', 'Toughjoyfax', 'Darnall', 'Topicware', 136, 23395, 'noimage.jpg', 'maecenas tincidunt lacus at velit vivamus vel nulla eget eros', '절판', '2021-07-13 00:00:00', '2021-09-23 00:00:00'),
	(89, '153167963-3', '경제', 'Fintone', 'Genni', 'Skaboo', 450, 25342, 'noimage.jpg', 'tortor quis turpis sed ante vivamus tortor duis mattis egestas metus aenean fermentum donec ut mauris eget massa tempor', '절판', '2020-12-02 00:00:00', '2021-09-23 00:00:00'),
	(90, '992026383-4', '여행', 'Bytecard', 'Francis', 'Dynabox', 372, 15351, 'noimage.jpg', 'nec molestie sed justo pellentesque viverra pede ac diam cras pellentesque volutpat dui maecenas tristique est et tempus', '절판', '2021-04-12 00:00:00', '2021-09-23 00:00:00'),
	(91, '391518624-4', '외국어', 'Solarbreeze', 'Osmond', 'Dabvine', 402, 23726, 'noimage.jpg', 'platea dictumst maecenas ut massa quis augue luctus tincidunt nulla mollis', '판매중', '2021-05-27 00:00:00', '2021-09-23 00:00:00'),
	(92, '578056919-3', '여행', 'Vagram', 'Luella', 'Pixonyx', 493, 19849, 'noimage.jpg', 'dictumst aliquam augue quam sollicitudin vitae consectetuer eget rutrum at lorem integer tincidunt ante vel', '판매중', '2020-10-19 00:00:00', '2021-09-23 00:00:00'),
	(93, '784379527-8', '소설', 'Bigtax', 'Del', 'Skilith', 224, 23656, 'noimage.jpg', 'quisque porta volutpat erat quisque erat eros viverra eget congue eget semper rutrum nulla nunc purus phasellus in', '구편절판', '2021-05-29 00:00:00', '2021-09-23 00:00:00'),
	(94, '793412247-0', '소설', 'Hatity', 'Selma', 'Abatz', 474, 18358, 'noimage.jpg', 'vestibulum proin eu mi nulla ac enim in tempor turpis nec euismod scelerisque quam', '품절', '2021-06-25 00:00:00', '2021-09-23 00:00:00'),
	(95, '536657825-6', '경제', 'Flowdesk', 'Winn', 'Centizu', 591, 17753, 'noimage.jpg', 'tristique in tempus sit amet sem fusce consequat nulla nisl nunc nisl duis', '판매중', '2021-02-23 00:00:00', '2021-09-23 00:00:00'),
	(96, '399493285-8', '경제', 'Quo Lux', 'Myles', 'Zoozzy', 193, 25186, 'noimage.jpg', 'nulla nisl nunc nisl duis bibendum felis sed interdum venenatis turpis enim', '절판', '2021-06-30 00:00:00', '2021-09-23 00:00:00'),
	(97, '757301482-1', '여행', 'Konklux', 'Bette', 'Kayveo', 909, 12388, 'noimage.jpg', 'curabitur convallis duis consequat dui nec nisi volutpat eleifend donec ut dolor morbi', '판매중', '2021-05-10 00:00:00', '2021-09-23 00:00:00'),
	(98, '431730737-5', '여행', 'Zoolab', 'Wat', 'Yodo', 540, 15594, 'noimage.jpg', 'mi sit amet lobortis sapien sapien non mi integer ac', '구편절판', '2021-09-12 00:00:00', '2021-09-23 00:00:00'),
	(99, '979655799-1', '외국어', 'Ventosanzap', 'Burty', 'Innojam', 751, 17320, 'noimage.jpg', 'eu orci mauris lacinia sapien quis libero nullam sit amet turpis elementum ligula vehicula consequat morbi', '절판', '2021-04-14 00:00:00', '2021-09-23 00:00:00'),
	(100, '943652161-8', '만화', 'Voyatouch', 'Mommy', 'Quimm', 260, 13215, 'noimage.jpg', 'erat curabitur gravida nisi at nibh in hac habitasse platea dictumst aliquam augue quam sollicitudin vitae consectetuer eget rutrum at', '절판', '2021-05-15 00:00:00', '2021-09-23 00:00:00'),
	(101, '893278949-5', '소설', 'Asoka', 'Sacha', 'Jabberbean', 191, 24826, 'noimage.jpg', 'suspendisse potenti in eleifend quam a odio in hac habitasse', '절판', '2021-05-20 00:00:00', '2021-09-23 00:00:00'),
	(102, '707749223-0', '소설', 'Wrapsafe', 'Kristina', 'Vitz', 212, 14846, 'noimage.jpg', 'libero ut massa volutpat convallis morbi odio odio elementum eu interdum eu tincidunt in leo maecenas pulvinar', '판매중', '2021-04-01 00:00:00', '2021-09-23 00:00:00'),
	(103, '224721288-3', '만화', 'Tin', 'Grannie', 'Twitternation', 680, 8879, 'noimage.jpg', 'eros vestibulum ac est lacinia nisi venenatis tristique fusce congue diam id ornare imperdiet sapien urna', '절판', '2021-06-24 00:00:00', '2021-09-23 00:00:00'),
	(104, '427615053-1', '외국어', 'Voyatouch', 'Hervey', 'Zoonder', 678, 17157, 'noimage.jpg', 'lacus at velit vivamus vel nulla eget eros elementum pellentesque', '품절', '2021-06-18 00:00:00', '2021-09-23 00:00:00'),
	(105, '228970601-9', '여행', 'Toughjoyfax', 'Dalston', 'Zoozzy', 481, 27059, 'noimage.jpg', 'eget massa tempor convallis nulla neque libero convallis eget eleifend', '구편절판', '2020-10-27 00:00:00', '2021-09-23 00:00:00'),
	(106, '522622818-X', '경제', 'Wrapsafe', 'Celinka', 'Topicstorm', 682, 9274, 'noimage.jpg', 'volutpat eleifend donec ut dolor morbi vel lectus in quam fringilla rhoncus mauris', '품절', '2021-04-28 00:00:00', '2021-09-23 00:00:00'),
	(107, '655486840-2', '외국어', 'Viva', 'Arabelle', 'Zoonder', 933, 26153, 'noimage.jpg', 'libero quis orci nullam molestie nibh in lectus pellentesque at nulla suspendisse potenti cras in purus eu magna vulputate', '구편절판', '2021-02-24 00:00:00', '2021-09-23 00:00:00'),
	(108, '168928948-1', '경제', 'Konklux', 'Cherri', 'Jazzy', 255, 17089, 'noimage.jpg', 'augue vestibulum ante ipsum primis in faucibus orci luctus et ultrices posuere cubilia curae donec', '품절', '2021-01-23 00:00:00', '2021-09-23 00:00:00'),
	(109, '912855359-4', '외국어', 'Y-Solowarm', 'Henryetta', 'InnoZ', 362, 14601, 'noimage.jpg', 'in imperdiet et commodo vulputate justo in blandit ultrices enim lorem ipsum dolor sit amet consectetuer adipiscing elit', '절판', '2021-05-20 00:00:00', '2021-09-23 00:00:00'),
	(110, '940792424-6', '여행', 'Kanlam', 'Blondell', 'Babbleopia', 280, 13361, 'noimage.jpg', 'nisl duis bibendum felis sed interdum venenatis turpis enim blandit', '판매중', '2020-11-06 00:00:00', '2021-09-23 00:00:00'),
	(111, '823166640-0', '외국어', 'Latlux', 'Neila', 'Voonte', 794, 28548, 'noimage.jpg', 'tortor duis mattis egestas metus aenean fermentum donec ut mauris eget massa tempor convallis', '절판', '2021-03-11 00:00:00', '2021-09-23 00:00:00'),
	(112, '939652901-X', '소설', 'Fixflex', 'Jabez', 'Yacero', 229, 17042, 'noimage.jpg', 'justo nec condimentum neque sapien placerat ante nulla justo aliquam quis turpis eget elit sodales scelerisque mauris', '구편절판', '2021-01-16 00:00:00', '2021-09-23 00:00:00'),
	(113, '165166327-0', '여행', 'Bitchip', 'Leontine', 'Jetpulse', 848, 28465, 'noimage.jpg', 'libero nam dui proin leo odio porttitor id consequat in consequat ut nulla', '절판', '2020-10-12 00:00:00', '2021-09-23 00:00:00'),
	(114, '726934118-4', '외국어', 'Y-find', 'Doyle', 'Riffpedia', 651, 28473, 'noimage.jpg', 'quis orci eget orci vehicula condimentum curabitur in libero ut massa volutpat convallis morbi odio odio', '절판', '2021-08-28 00:00:00', '2021-09-23 00:00:00'),
	(115, '762291188-7', '경제', 'Latlux', 'Wynny', 'Topicblab', 946, 23000, 'noimage.jpg', 'cubilia curae nulla dapibus dolor vel est donec odio justo sollicitudin ut', '판매중', '2021-05-25 00:00:00', '2021-09-23 00:00:00'),
	(116, '685203211-6', '만화', 'Zoolab', 'Perle', 'Teklist', 902, 18146, 'noimage.jpg', 'ultrices posuere cubilia curae mauris viverra diam vitae quam suspendisse potenti nullam porttitor lacus at turpis donec', '판매중', '2020-10-14 00:00:00', '2021-09-23 00:00:00'),
	(117, '876234001-8', '경제', 'Temp', 'Jamal', 'Skinder', 431, 26427, 'noimage.jpg', 'nam congue risus semper porta volutpat quam pede lobortis ligula sit amet eleifend pede libero', '품절', '2021-02-08 00:00:00', '2021-09-23 00:00:00'),
	(118, '084831798-X', '여행', 'Opela', 'Dianne', 'Kazio', 253, 29439, 'noimage.jpg', 'nisl nunc nisl duis bibendum felis sed interdum venenatis turpis enim', '구편절판', '2020-10-07 00:00:00', '2021-09-23 00:00:00'),
	(119, '656864328-9', '경제', 'Flowdesk', 'Kellsie', 'Avavee', 788, 21178, 'noimage.jpg', 'luctus et ultrices posuere cubilia curae donec pharetra magna vestibulum aliquet ultrices erat tortor sollicitudin mi sit amet', '절판', '2021-02-18 00:00:00', '2021-09-23 00:00:00'),
	(120, '826589560-7', '외국어', 'Stringtough', 'Grannie', 'Midel', 854, 18220, 'noimage.jpg', 'convallis eget eleifend luctus ultricies eu nibh quisque id justo sit amet sapien dignissim vestibulum vestibulum ante', '판매중', '2020-12-21 00:00:00', '2021-09-23 00:00:00'),
	(121, '252307146-0', '경제', 'Sonair', 'Edwin', 'Flipbug', 663, 26757, 'noimage.jpg', 'montes nascetur ridiculus mus vivamus vestibulum sagittis sapien cum sociis natoque penatibus et', '절판', '2021-06-15 00:00:00', '2021-09-23 00:00:00'),
	(122, '889501239-9', '만화', 'It', 'Derby', 'Skiptube', 675, 5292, 'noimage.jpg', 'at nulla suspendisse potenti cras in purus eu magna vulputate luctus cum sociis natoque penatibus et magnis', '절판', '2021-04-09 00:00:00', '2021-09-23 00:00:00'),
	(123, '461425560-4', '여행', 'Pannier', 'Aloise', 'Topdrive', 907, 11624, 'noimage.jpg', 'lorem vitae mattis nibh ligula nec sem duis aliquam convallis nunc proin at turpis a pede posuere nonummy', '구편절판', '2020-11-30 00:00:00', '2021-09-23 00:00:00'),
	(124, '340877886-8', '경제', 'It', 'Benedetta', 'Twiyo', 838, 9506, 'noimage.jpg', 'gravida nisi at nibh in hac habitasse platea dictumst aliquam augue', '판매중', '2021-04-09 00:00:00', '2021-09-23 00:00:00'),
	(125, '289077395-7', '만화', 'Duobam', 'Dew', 'Realpoint', 119, 7541, 'noimage.jpg', 'eget rutrum at lorem integer tincidunt ante vel ipsum praesent blandit lacinia erat', '품절', '2021-04-26 00:00:00', '2021-09-23 00:00:00'),
	(126, '627104734-3', '만화', 'Mat Lam Tam', 'See', 'Eadel', 738, 14638, 'noimage.jpg', 'pellentesque viverra pede ac diam cras pellentesque volutpat dui maecenas tristique est et tempus semper est quam pharetra magna ac', '품절', '2020-12-19 00:00:00', '2021-09-23 00:00:00'),
	(127, '533710792-5', '외국어', 'Sub-Ex', 'Gareth', 'Dablist', 679, 26862, 'noimage.jpg', 'magnis dis parturient montes nascetur ridiculus mus etiam vel augue vestibulum rutrum rutrum neque aenean', '품절', '2021-04-01 00:00:00', '2021-09-23 00:00:00'),
	(128, '222638023-X', '경제', 'Span', 'Hamil', 'Fadeo', 690, 6393, 'noimage.jpg', 'adipiscing elit proin interdum mauris non ligula pellentesque ultrices phasellus id sapien in sapien', '절판', '2021-01-28 00:00:00', '2021-09-23 00:00:00'),
	(129, '979034271-3', '경제', 'Bamity', 'Kaleena', 'Skibox', 529, 27933, 'noimage.jpg', 'leo odio condimentum id luctus nec molestie sed justo pellentesque', '품절', '2020-11-05 00:00:00', '2021-09-23 00:00:00'),
	(130, '556445764-1', '소설', 'Konklab', 'Wileen', 'Jaloo', 892, 6687, 'noimage.jpg', 'penatibus et magnis dis parturient montes nascetur ridiculus mus vivamus vestibulum sagittis sapien cum sociis natoque', '구편절판', '2021-09-12 00:00:00', '2021-09-23 00:00:00'),
	(131, '132991306-X', '만화', 'Lotstring', 'Constanta', 'Realpoint', 951, 28751, 'noimage.jpg', 'praesent lectus vestibulum quam sapien varius ut blandit non interdum', '절판', '2021-01-19 00:00:00', '2021-09-23 00:00:00'),
	(132, '555293836-4', '만화', 'It', 'Noelani', 'Browsecat', 833, 10976, 'noimage.jpg', 'dictumst morbi vestibulum velit id pretium iaculis diam erat fermentum', '구편절판', '2021-07-06 00:00:00', '2021-09-23 00:00:00'),
	(133, '212623454-1', '경제', 'Temp', 'Amalie', 'Midel', 735, 29774, 'noimage.jpg', 'consequat morbi a ipsum integer a nibh in quis justo maecenas rhoncus aliquam lacus', '품절', '2021-06-06 00:00:00', '2021-09-23 00:00:00'),
	(134, '405221493-5', '여행', 'Domainer', 'Chadwick', 'Skimia', 654, 5046, 'noimage.jpg', 'tellus nulla ut erat id mauris vulputate elementum nullam varius nulla facilisi cras non velit', '구편절판', '2020-12-06 00:00:00', '2021-09-23 00:00:00'),
	(135, '119355722-4', '여행', 'Zaam-Dox', 'Bailey', 'Leexo', 567, 21368, 'noimage.jpg', 'vehicula condimentum curabitur in libero ut massa volutpat convallis morbi odio odio elementum eu interdum', '품절', '2020-12-05 00:00:00', '2021-09-23 00:00:00'),
	(136, '348087005-8', '만화', 'Vagram', 'Jayme', 'Realmix', 907, 25750, 'noimage.jpg', 'massa volutpat convallis morbi odio odio elementum eu interdum eu tincidunt in leo maecenas', '구편절판', '2021-02-20 00:00:00', '2021-09-23 00:00:00'),
	(137, '767237756-6', '경제', 'Konklux', 'See', 'Mynte', 803, 15726, 'noimage.jpg', 'et magnis dis parturient montes nascetur ridiculus mus etiam vel augue vestibulum rutrum rutrum neque aenean auctor', '품절', '2020-10-02 00:00:00', '2021-09-23 00:00:00'),
	(138, '661181551-1', '경제', 'Alpha', 'Bronnie', 'Wikizz', 185, 29192, 'noimage.jpg', 'orci luctus et ultrices posuere cubilia curae duis faucibus accumsan odio curabitur convallis', '구편절판', '2021-09-13 00:00:00', '2021-09-23 00:00:00'),
	(139, '058547433-8', '만화', 'Voyatouch', 'Skylar', 'Edgeify', 424, 14611, 'noimage.jpg', 'sapien cursus vestibulum proin eu mi nulla ac enim in tempor turpis nec euismod scelerisque quam turpis', '구편절판', '2021-01-25 00:00:00', '2021-09-23 00:00:00'),
	(140, '725273202-9', '소설', 'Temp', 'Ewen', 'Gabcube', 887, 12559, 'noimage.jpg', 'parturient montes nascetur ridiculus mus etiam vel augue vestibulum rutrum rutrum neque aenean auctor gravida sem praesent', '구편절판', '2020-12-25 00:00:00', '2021-09-23 00:00:00'),
	(141, '648688333-2', '경제', 'Viva', 'Belinda', 'Abatz', 355, 29019, 'noimage.jpg', 'iaculis diam erat fermentum justo nec condimentum neque sapien placerat ante nulla justo aliquam quis turpis', '구편절판', '2021-05-29 00:00:00', '2021-09-23 00:00:00'),
	(142, '824203505-9', '소설', 'Ventosanzap', 'Siobhan', 'Agivu', 622, 26774, 'noimage.jpg', 'vel accumsan tellus nisi eu orci mauris lacinia sapien quis libero nullam sit amet turpis elementum ligula vehicula', '품절', '2020-11-16 00:00:00', '2021-09-23 00:00:00'),
	(143, '456347054-6', '만화', 'Voltsillam', 'Rosemaria', 'Meeveo', 495, 10615, 'noimage.jpg', 'ut erat curabitur gravida nisi at nibh in hac habitasse platea', '품절', '2021-04-04 00:00:00', '2021-09-23 00:00:00'),
	(144, '981543836-0', '만화', 'Zoolab', 'Jacky', 'Skajo', 976, 25480, 'noimage.jpg', 'risus auctor sed tristique in tempus sit amet sem fusce consequat nulla nisl nunc nisl', '품절', '2020-10-31 00:00:00', '2021-09-23 00:00:00'),
	(145, '622810322-9', '경제', 'Pannier', 'Woodrow', 'Fivebridge', 763, 21173, 'noimage.jpg', 'ligula nec sem duis aliquam convallis nunc proin at turpis a pede posuere nonummy integer non velit', '품절', '2021-09-22 00:00:00', '2021-09-23 00:00:00'),
	(146, '100155913-4', '만화', 'Vagram', 'Hal', 'Topiczoom', 323, 11197, 'noimage.jpg', 'hendrerit at vulputate vitae nisl aenean lectus pellentesque eget nunc donec quis orci', '구편절판', '2021-02-28 00:00:00', '2021-09-23 00:00:00'),
	(147, '132779624-4', '외국어', 'Zaam-Dox', 'Ursula', 'Midel', 997, 10111, 'noimage.jpg', 'vivamus metus arcu adipiscing molestie hendrerit at vulputate vitae nisl aenean lectus pellentesque eget', '품절', '2021-05-02 00:00:00', '2021-09-23 00:00:00'),
	(148, '555800587-4', '소설', 'Regrant', 'Shaine', 'Npath', 794, 19016, 'noimage.jpg', 'vel lectus in quam fringilla rhoncus mauris enim leo rhoncus sed vestibulum sit amet cursus id turpis integer', '절판', '2021-04-17 00:00:00', '2021-09-23 00:00:00'),
	(149, '232898723-0', '여행', 'Home Ing', 'Michale', 'Twitterbeat', 389, 24485, 'noimage.jpg', 'libero convallis eget eleifend luctus ultricies eu nibh quisque id justo sit', '품절', '2020-12-24 00:00:00', '2021-09-23 00:00:00'),
	(150, '221349923-3', '여행', 'Tin', 'Whitman', 'Blogtags', 770, 10712, 'noimage.jpg', 'metus arcu adipiscing molestie hendrerit at vulputate vitae nisl aenean lectus pellentesque eget nunc donec quis', '품절', '2020-10-04 00:00:00', '2021-09-23 00:00:00'),
	(151, '751658936-5', '경제', 'Voyatouch', 'Brandyn', 'Meeveo', 416, 15357, 'noimage.jpg', 'integer a nibh in quis justo maecenas rhoncus aliquam lacus morbi', '절판', '2021-08-12 00:00:00', '2021-09-23 00:00:00'),
	(152, '381853898-0', '만화', 'Regrant', 'Lillian', 'Blogpad', 315, 22906, 'noimage.jpg', 'non mauris morbi non lectus aliquam sit amet diam in magna bibendum imperdiet', '품절', '2021-08-07 00:00:00', '2021-09-23 00:00:00'),
	(153, '591993165-5', '경제', 'Konklab', 'Calli', 'Aivee', 999, 12268, 'noimage.jpg', 'ultrices phasellus id sapien in sapien iaculis congue vivamus metus arcu adipiscing molestie hendrerit at vulputate vitae', '판매중', '2020-11-23 00:00:00', '2021-09-23 00:00:00'),
	(154, '255024218-1', '경제', 'Toughjoyfax', 'Joletta', 'Voonte', 855, 12022, 'noimage.jpg', 'faucibus orci luctus et ultrices posuere cubilia curae nulla dapibus dolor vel est donec odio', '절판', '2020-12-25 00:00:00', '2021-09-23 00:00:00'),
	(155, '617542510-3', '소설', 'Toughjoyfax', 'Mic', 'Zoomlounge', 377, 29876, 'noimage.jpg', 'eu tincidunt in leo maecenas pulvinar lobortis est phasellus sit', '구편절판', '2021-03-05 00:00:00', '2021-09-23 00:00:00'),
	(156, '680580119-2', '만화', 'Regrant', 'Rose', 'Eayo', 730, 18731, 'noimage.jpg', 'congue elementum in hac habitasse platea dictumst morbi vestibulum velit id pretium iaculis diam erat', '절판', '2021-09-15 00:00:00', '2021-09-23 00:00:00'),
	(157, '103436819-2', '소설', 'Mat Lam Tam', 'Cthrine', 'Photobug', 974, 29941, 'noimage.jpg', 'justo in hac habitasse platea dictumst etiam faucibus cursus urna ut', '판매중', '2020-11-19 00:00:00', '2021-09-23 00:00:00'),
	(158, '831927761-2', '외국어', 'Job', 'Calley', 'Zoonoodle', 788, 23518, 'noimage.jpg', 'condimentum id luctus nec molestie sed justo pellentesque viverra pede ac diam cras pellentesque volutpat dui', '절판', '2020-11-16 00:00:00', '2021-09-23 00:00:00'),
	(159, '702121287-9', '여행', 'Zamit', 'Estelle', 'Jaxbean', 939, 8256, 'noimage.jpg', 'egestas metus aenean fermentum donec ut mauris eget massa tempor convallis nulla neque libero convallis eget eleifend luctus', '절판', '2021-03-28 00:00:00', '2021-09-23 00:00:00'),
	(160, '366209670-6', '만화', 'Namfix', 'Corty', 'Skilith', 659, 19590, 'noimage.jpg', 'cras mi pede malesuada in imperdiet et commodo vulputate justo', '절판', '2021-05-06 00:00:00', '2021-09-23 00:00:00'),
	(161, '445230089-8', '소설', 'Ventosanzap', 'Goddart', 'Nlounge', 135, 29243, 'noimage.jpg', 'dui luctus rutrum nulla tellus in sagittis dui vel nisl duis ac nibh fusce', '판매중', '2021-05-03 00:00:00', '2021-09-23 00:00:00'),
	(162, '205366511-4', '외국어', 'Fixflex', 'Aviva', 'Digitube', 183, 26017, 'noimage.jpg', 'orci luctus et ultrices posuere cubilia curae donec pharetra magna', '판매중', '2021-09-01 00:00:00', '2021-09-23 00:00:00'),
	(163, '363289176-1', '만화', 'Tin', 'Rozalie', 'Pixope', 532, 17820, 'noimage.jpg', 'malesuada in imperdiet et commodo vulputate justo in blandit ultrices enim lorem ipsum dolor sit amet consectetuer adipiscing', '판매중', '2020-12-07 00:00:00', '2021-09-23 00:00:00'),
	(164, '620283300-9', '외국어', 'Quo Lux', 'Anne', 'Agivu', 464, 5871, 'noimage.jpg', 'donec ut dolor morbi vel lectus in quam fringilla rhoncus mauris enim leo rhoncus', '구편절판', '2020-12-12 00:00:00', '2021-09-23 00:00:00'),
	(165, '939162328-X', '경제', 'Cardify', 'Hedwig', 'Flipstorm', 788, 8603, 'noimage.jpg', 'eget eleifend luctus ultricies eu nibh quisque id justo sit amet sapien dignissim vestibulum vestibulum ante ipsum primis', '구편절판', '2021-03-25 00:00:00', '2021-09-23 00:00:00'),
	(166, '588113750-7', '여행', 'Job', 'Emile', 'Quinu', 342, 15660, 'noimage.jpg', 'in faucibus orci luctus et ultrices posuere cubilia curae mauris viverra diam vitae quam suspendisse potenti nullam porttitor lacus at', '절판', '2021-05-11 00:00:00', '2021-09-23 00:00:00'),
	(167, '023120427-2', '만화', 'Transcof', 'Normy', 'Twinder', 268, 20746, 'noimage.jpg', 'potenti nullam porttitor lacus at turpis donec posuere metus vitae ipsum', '구편절판', '2020-12-08 00:00:00', '2021-09-23 00:00:00'),
	(168, '509326218-8', '소설', 'Temp', 'Libbi', 'Youfeed', 975, 7708, 'noimage.jpg', 'sapien cursus vestibulum proin eu mi nulla ac enim in tempor', '판매중', '2021-08-16 00:00:00', '2021-09-23 00:00:00'),
	(169, '693388990-4', '만화', 'Andalax', 'Andras', 'Photobug', 651, 8450, 'noimage.jpg', 'dui nec nisi volutpat eleifend donec ut dolor morbi vel', '절판', '2021-05-31 00:00:00', '2021-09-23 00:00:00'),
	(170, '020864641-8', '소설', 'Andalax', 'Iseabal', 'Realblab', 917, 16286, 'noimage.jpg', 'justo sollicitudin ut suscipit a feugiat et eros vestibulum ac est lacinia nisi venenatis tristique fusce congue diam id ornare', '판매중', '2021-03-19 00:00:00', '2021-09-23 00:00:00'),
	(171, '698961552-4', '경제', 'Tin', 'Agretha', 'Realbridge', 256, 27802, 'noimage.jpg', 'eu est congue elementum in hac habitasse platea dictumst morbi', '품절', '2020-09-24 00:00:00', '2021-09-23 00:00:00'),
	(172, '757431230-3', '경제', 'Tin', 'Martie', 'Jamia', 756, 26145, 'noimage.jpg', 'et ultrices posuere cubilia curae duis faucibus accumsan odio curabitur convallis duis consequat', '절판', '2020-11-17 00:00:00', '2021-09-23 00:00:00'),
	(173, '273405344-6', '소설', 'Mat Lam Tam', 'Hedwiga', 'Yotz', 309, 19574, 'noimage.jpg', 'aliquam convallis nunc proin at turpis a pede posuere nonummy', '품절', '2021-02-18 00:00:00', '2021-09-23 00:00:00'),
	(174, '068126650-3', '외국어', 'Ventosanzap', 'Burton', 'Buzzshare', 330, 6647, 'noimage.jpg', 'tincidunt lacus at velit vivamus vel nulla eget eros elementum pellentesque quisque', '구편절판', '2021-08-25 00:00:00', '2021-09-23 00:00:00'),
	(175, '662666578-2', '경제', 'Namfix', 'Barn', 'Buzzbean', 769, 17102, 'noimage.jpg', 'vel accumsan tellus nisi eu orci mauris lacinia sapien quis libero nullam sit amet turpis elementum ligula vehicula consequat morbi', '품절', '2021-09-10 00:00:00', '2021-09-23 00:00:00'),
	(176, '113270010-8', '외국어', 'Prodder', 'Nicky', 'Yoveo', 973, 21966, 'noimage.jpg', 'est quam pharetra magna ac consequat metus sapien ut nunc', '절판', '2020-10-07 00:00:00', '2021-09-23 00:00:00'),
	(177, '761297927-6', '만화', 'Hatity', 'Randa', 'Browsetype', 505, 7098, 'noimage.jpg', 'turpis enim blandit mi in porttitor pede justo eu massa donec dapibus duis at velit eu est', '절판', '2021-05-30 00:00:00', '2021-09-23 00:00:00'),
	(178, '395443846-1', '여행', 'Gembucket', 'Bobina', 'Zava', 784, 23845, 'noimage.jpg', 'volutpat dui maecenas tristique est et tempus semper est quam pharetra magna ac consequat metus sapien ut', '절판', '2021-07-06 00:00:00', '2021-09-23 00:00:00'),
	(179, '014556973-X', '만화', 'Trippledex', 'Ruthann', 'Rhycero', 739, 9291, 'noimage.jpg', 'vivamus metus arcu adipiscing molestie hendrerit at vulputate vitae nisl aenean lectus pellentesque eget nunc donec quis orci', '판매중', '2021-07-25 00:00:00', '2021-09-23 00:00:00'),
	(180, '486035403-6', '경제', 'It', 'Aviva', 'Photojam', 319, 15299, 'noimage.jpg', 'ac neque duis bibendum morbi non quam nec dui luctus rutrum nulla tellus in sagittis dui vel nisl', '절판', '2021-06-22 00:00:00', '2021-09-23 00:00:00'),
	(181, '069634426-2', '외국어', 'Treeflex', 'Zsa zsa', 'Trupe', 708, 24913, 'noimage.jpg', 'sapien a libero nam dui proin leo odio porttitor id consequat in consequat ut nulla', '판매중', '2021-09-17 00:00:00', '2021-09-23 00:00:00'),
	(182, '694867783-5', '경제', 'Bytecard', 'Gregory', 'Skyvu', 768, 10740, 'noimage.jpg', 'non sodales sed tincidunt eu felis fusce posuere felis sed lacus morbi sem', '구편절판', '2021-05-09 00:00:00', '2021-09-23 00:00:00'),
	(183, '631036032-9', '경제', 'Domainer', 'Brennen', 'Dynabox', 443, 25330, 'noimage.jpg', 'consequat varius integer ac leo pellentesque ultrices mattis odio donec vitae nisi nam ultrices libero', '구편절판', '2021-07-14 00:00:00', '2021-09-23 00:00:00'),
	(184, '638495130-4', '경제', 'Mat Lam Tam', 'Emlynn', 'Centimia', 498, 20259, 'noimage.jpg', 'mi in porttitor pede justo eu massa donec dapibus duis at velit eu est congue elementum', '판매중', '2021-05-06 00:00:00', '2021-09-23 00:00:00'),
	(185, '834793007-4', '소설', 'Konklab', 'Brier', 'Youbridge', 920, 19457, 'noimage.jpg', 'eu interdum eu tincidunt in leo maecenas pulvinar lobortis est phasellus sit amet erat nulla', '구편절판', '2020-11-30 00:00:00', '2021-09-23 00:00:00'),
	(186, '619574516-2', '소설', 'Stringtough', 'Judith', 'Livetube', 377, 21770, 'noimage.jpg', 'vivamus metus arcu adipiscing molestie hendrerit at vulputate vitae nisl aenean', '절판', '2021-08-04 00:00:00', '2021-09-23 00:00:00'),
	(187, '357478314-0', '여행', 'Fixflex', 'Nappie', 'Livetube', 466, 23876, 'noimage.jpg', 'proin leo odio porttitor id consequat in consequat ut nulla sed accumsan felis ut at', '품절', '2021-06-17 00:00:00', '2021-09-23 00:00:00'),
	(188, '529021382-1', '경제', 'Biodex', 'Elva', 'Tekfly', 700, 26241, 'noimage.jpg', 'curae nulla dapibus dolor vel est donec odio justo sollicitudin', '품절', '2021-05-26 00:00:00', '2021-09-23 00:00:00'),
	(189, '238718009-7', '외국어', 'Ventosanzap', 'Georgi', 'Gigazoom', 302, 14717, 'noimage.jpg', 'enim leo rhoncus sed vestibulum sit amet cursus id turpis integer aliquet massa id lobortis convallis tortor', '절판', '2021-07-18 00:00:00', '2021-09-23 00:00:00'),
	(190, '263909731-8', '외국어', 'Y-Solowarm', 'Virginia', 'Edgeify', 289, 10676, 'noimage.jpg', 'porttitor lacus at turpis donec posuere metus vitae ipsum aliquam non mauris morbi non lectus aliquam sit amet diam in', '절판', '2020-10-17 00:00:00', '2021-09-23 00:00:00'),
	(191, '784507698-8', '경제', 'Span', 'Rina', 'Talane', 863, 6493, 'noimage.jpg', 'sed justo pellentesque viverra pede ac diam cras pellentesque volutpat dui', '판매중', '2021-06-01 00:00:00', '2021-09-23 00:00:00'),
	(192, '086974371-6', '여행', 'Pannier', 'Cecily', 'Jaxworks', 311, 15946, 'noimage.jpg', 'mauris vulputate elementum nullam varius nulla facilisi cras non velit nec nisi vulputate nonummy maecenas tincidunt lacus', '판매중', '2020-11-23 00:00:00', '2021-09-23 00:00:00'),
	(193, '055077396-7', '경제', 'Subin', 'Ariel', 'Vitz', 840, 29691, 'noimage.jpg', 'ante ipsum primis in faucibus orci luctus et ultrices posuere cubilia curae duis faucibus accumsan odio curabitur convallis duis', '절판', '2020-11-02 00:00:00', '2021-09-23 00:00:00'),
	(194, '401076248-9', '여행', 'Mat Lam Tam', 'Hollie', 'Thoughtstorm', 116, 19164, 'noimage.jpg', 'in faucibus orci luctus et ultrices posuere cubilia curae nulla dapibus dolor', '판매중', '2021-03-05 00:00:00', '2021-09-23 00:00:00'),
	(195, '527472941-X', '소설', 'Lotstring', 'Conrado', 'Lajo', 211, 29298, 'noimage.jpg', 'in eleifend quam a odio in hac habitasse platea dictumst maecenas ut massa quis augue luctus tincidunt nulla', '절판', '2020-12-13 00:00:00', '2021-09-23 00:00:00'),
	(196, '490387248-3', '만화', 'Ronstring', 'Claudine', 'Zoovu', 616, 6079, 'noimage.jpg', 'proin at turpis a pede posuere nonummy integer non velit donec diam neque vestibulum eget vulputate ut ultrices vel augue', '절판', '2020-12-24 00:00:00', '2021-09-23 00:00:00'),
	(197, '467868807-2', '소설', 'Job', 'Elisha', 'Oodoo', 340, 27082, 'noimage.jpg', 'phasellus id sapien in sapien iaculis congue vivamus metus arcu adipiscing molestie hendrerit at vulputate vitae nisl aenean lectus pellentesque', '절판', '2021-02-20 00:00:00', '2021-09-23 00:00:00'),
	(198, '888872325-0', '만화', 'Hatity', 'Delainey', 'Shuffletag', 512, 27973, 'noimage.jpg', 'leo maecenas pulvinar lobortis est phasellus sit amet erat nulla tempus', '품절', '2021-02-01 00:00:00', '2021-09-23 00:00:00'),
	(199, '119305235-1', '소설', 'Trippledex', 'Roseline', 'Linklinks', 626, 22821, 'noimage.jpg', 'pretium quis lectus suspendisse potenti in eleifend quam a odio in hac habitasse platea dictumst maecenas ut massa quis augue', '판매중', '2021-01-31 00:00:00', '2021-09-23 00:00:00'),
	(200, '903942914-6', '외국어', 'Home Ing', 'Devland', 'Ailane', 135, 23570, 'noimage.jpg', 'ultrices posuere cubilia curae donec pharetra magna vestibulum aliquet ultrices erat tortor sollicitudin mi sit amet', '판매중', '2020-11-24 00:00:00', '2021-09-23 00:00:00'),
	(201, '267594766-0', '경제', 'Alpha', 'Noll', 'Jetwire', 786, 12023, 'noimage.jpg', 'nisi nam ultrices libero non mattis pulvinar nulla pede ullamcorper augue a suscipit nulla elit ac nulla sed', '구편절판', '2021-07-22 00:00:00', '2021-09-23 00:00:00'),
	(202, '996573167-5', '소설', 'Sonsing', 'Nicoli', 'Avamba', 497, 8911, 'noimage.jpg', 'libero non mattis pulvinar nulla pede ullamcorper augue a suscipit', '판매중', '2021-09-02 00:00:00', '2021-09-23 00:00:00'),
	(203, '565336298-0', '경제', 'Quo Lux', 'Stanislaw', 'Oyondu', 694, 13747, 'noimage.jpg', 'id justo sit amet sapien dignissim vestibulum vestibulum ante ipsum primis in faucibus', '절판', '2020-11-14 00:00:00', '2021-09-23 00:00:00'),
	(204, '749980607-3', '여행', 'Treeflex', 'Mack', 'Gabvine', 940, 14741, 'noimage.jpg', 'lorem ipsum dolor sit amet consectetuer adipiscing elit proin risus', '판매중', '2021-07-01 00:00:00', '2021-09-23 00:00:00'),
	(205, '173727177-X', '외국어', 'Zontrax', 'Marijn', 'Bubbletube', 868, 29743, 'noimage.jpg', 'dui proin leo odio porttitor id consequat in consequat ut nulla sed accumsan felis ut at', '판매중', '2021-02-24 00:00:00', '2021-09-23 00:00:00'),
	(206, '831731421-9', '만화', 'Greenlam', 'Matthew', 'Eamia', 465, 21714, 'noimage.jpg', 'iaculis diam erat fermentum justo nec condimentum neque sapien placerat ante nulla justo aliquam quis turpis eget elit', '품절', '2021-06-01 00:00:00', '2021-09-23 00:00:00'),
	(207, '615143365-3', '경제', 'Pannier', 'Weylin', 'Realpoint', 271, 12893, 'noimage.jpg', 'lacinia sapien quis libero nullam sit amet turpis elementum ligula vehicula consequat morbi a ipsum integer', '판매중', '2020-10-15 00:00:00', '2021-09-23 00:00:00'),
	(208, '668573073-0', '만화', 'Namfix', 'Ravid', 'Rooxo', 231, 24639, 'noimage.jpg', 'elementum in hac habitasse platea dictumst morbi vestibulum velit id pretium iaculis diam erat', '절판', '2021-03-01 00:00:00', '2021-09-23 00:00:00'),
	(209, '159963350-7', '경제', 'Regrant', 'Jakie', 'Zooxo', 813, 6617, 'noimage.jpg', 'laoreet ut rhoncus aliquet pulvinar sed nisl nunc rhoncus dui vel sem sed sagittis nam congue risus', '판매중', '2021-07-09 00:00:00', '2021-09-23 00:00:00'),
	(210, '706433032-6', '외국어', 'Ronstring', 'Archer', 'Topicstorm', 394, 21753, 'noimage.jpg', 'tortor id nulla ultrices aliquet maecenas leo odio condimentum id luctus nec', '구편절판', '2020-11-25 00:00:00', '2021-09-23 00:00:00'),
	(211, '057577967-5', '여행', 'Cardguard', 'Kenn', 'Flipopia', 230, 29068, 'noimage.jpg', 'habitasse platea dictumst etiam faucibus cursus urna ut tellus nulla ut erat', '판매중', '2021-01-30 00:00:00', '2021-09-23 00:00:00'),
	(212, '917858387-X', '소설', 'Gembucket', 'Orelia', 'Abata', 351, 28573, 'noimage.jpg', 'mi sit amet lobortis sapien sapien non mi integer ac', '절판', '2021-03-26 00:00:00', '2021-09-23 00:00:00'),
	(213, '138165851-2', '만화', 'Opela', 'Stoddard', 'Plajo', 234, 11834, 'noimage.jpg', 'consequat varius integer ac leo pellentesque ultrices mattis odio donec vitae nisi nam ultrices libero', '절판', '2021-08-20 00:00:00', '2021-09-23 00:00:00'),
	(214, '655973420-X', '여행', 'Opela', 'Tomkin', 'Jazzy', 163, 8358, 'noimage.jpg', 'volutpat dui maecenas tristique est et tempus semper est quam pharetra', '구편절판', '2021-02-12 00:00:00', '2021-09-23 00:00:00'),
	(215, '081768034-9', '외국어', 'Sonair', 'Jehu', 'Yata', 551, 5998, 'noimage.jpg', 'amet cursus id turpis integer aliquet massa id lobortis convallis tortor risus dapibus augue vel', '구편절판', '2021-02-22 00:00:00', '2021-09-23 00:00:00'),
	(216, '754025508-0', '경제', 'Bigtax', 'Pall', 'Kayveo', 392, 21399, 'noimage.jpg', 'diam vitae quam suspendisse potenti nullam porttitor lacus at turpis donec posuere metus vitae ipsum aliquam non mauris', '품절', '2021-09-16 00:00:00', '2021-09-23 00:00:00'),
	(217, '327061368-7', '만화', 'Span', 'Gail', 'Fadeo', 302, 5663, 'noimage.jpg', 'duis aliquam convallis nunc proin at turpis a pede posuere nonummy integer non', '구편절판', '2021-07-31 00:00:00', '2021-09-23 00:00:00'),
	(218, '623524934-9', '만화', 'Sonsing', 'Olivette', 'Nlounge', 976, 18987, 'noimage.jpg', 'ultricies eu nibh quisque id justo sit amet sapien dignissim vestibulum vestibulum ante ipsum', '구편절판', '2021-05-10 00:00:00', '2021-09-23 00:00:00'),
	(219, '210203135-7', '경제', 'Gembucket', 'Feliza', 'Twitternation', 103, 7759, 'noimage.jpg', 'ut ultrices vel augue vestibulum ante ipsum primis in faucibus orci luctus', '판매중', '2021-01-05 00:00:00', '2021-09-23 00:00:00'),
	(220, '585675698-3', '경제', 'Alphazap', 'Robenia', 'Yakijo', 582, 12569, 'noimage.jpg', 'lacinia sapien quis libero nullam sit amet turpis elementum ligula vehicula consequat morbi a ipsum integer a', '판매중', '2021-05-22 00:00:00', '2021-09-23 00:00:00'),
	(221, '485592738-4', '외국어', 'Lotlux', 'Kermie', 'Devcast', 484, 28598, 'noimage.jpg', 'neque sapien placerat ante nulla justo aliquam quis turpis eget elit sodales scelerisque mauris sit amet eros suspendisse accumsan tortor', '판매중', '2021-03-27 00:00:00', '2021-09-23 00:00:00'),
	(222, '824643844-1', '소설', 'Solarbreeze', 'Milo', 'Kwinu', 520, 13707, 'noimage.jpg', 'quis odio consequat varius integer ac leo pellentesque ultrices mattis odio donec vitae nisi nam ultrices', '품절', '2020-11-23 00:00:00', '2021-09-23 00:00:00'),
	(223, '700758598-1', '소설', 'Subin', 'Tallie', 'Wordpedia', 163, 7157, 'noimage.jpg', 'et tempus semper est quam pharetra magna ac consequat metus sapien ut nunc vestibulum', '구편절판', '2021-07-18 00:00:00', '2021-09-23 00:00:00'),
	(224, '137621366-4', '만화', 'Home Ing', 'Callie', 'Yata', 795, 27368, 'noimage.jpg', 'magna vulputate luctus cum sociis natoque penatibus et magnis dis parturient montes nascetur ridiculus', '구편절판', '2021-07-03 00:00:00', '2021-09-23 00:00:00'),
	(225, '704045080-1', '경제', 'Job', 'Rubina', 'Flipbug', 839, 25020, 'noimage.jpg', 'aliquam non mauris morbi non lectus aliquam sit amet diam in magna bibendum imperdiet nullam orci pede', '품절', '2021-06-09 00:00:00', '2021-09-23 00:00:00'),
	(226, '464268658-4', '여행', 'Y-Solowarm', 'Joice', 'Mydo', 782, 14497, 'noimage.jpg', 'sit amet nunc viverra dapibus nulla suscipit ligula in lacus curabitur at', '절판', '2021-06-30 00:00:00', '2021-09-23 00:00:00'),
	(227, '061646831-8', '소설', 'Solarbreeze', 'Minetta', 'Jabbersphere', 269, 12012, 'noimage.jpg', 'mus vivamus vestibulum sagittis sapien cum sociis natoque penatibus et magnis dis parturient montes nascetur ridiculus mus etiam', '절판', '2020-11-15 00:00:00', '2021-09-23 00:00:00'),
	(228, '127948652-X', '소설', 'Fintone', 'Loretta', 'Dynava', 320, 6081, 'noimage.jpg', 'morbi vel lectus in quam fringilla rhoncus mauris enim leo rhoncus sed vestibulum sit amet cursus id turpis integer', '품절', '2021-09-10 00:00:00', '2021-09-23 00:00:00'),
	(229, '888765709-2', '경제', 'Redhold', 'Nikos', 'Fivechat', 555, 10261, 'noimage.jpg', 'habitasse platea dictumst morbi vestibulum velit id pretium iaculis diam erat fermentum', '판매중', '2021-07-05 00:00:00', '2021-09-23 00:00:00'),
	(230, '666631668-1', '만화', 'Y-Solowarm', 'Cynthea', 'Twimbo', 379, 29483, 'noimage.jpg', 'vestibulum eget vulputate ut ultrices vel augue vestibulum ante ipsum primis in', '품절', '2021-09-07 00:00:00', '2021-09-23 00:00:00'),
	(231, '791905992-5', '소설', 'Bitwolf', 'Edythe', 'Babbleblab', 276, 27882, 'noimage.jpg', 'convallis morbi odio odio elementum eu interdum eu tincidunt in leo maecenas pulvinar', '구편절판', '2021-07-12 00:00:00', '2021-09-23 00:00:00'),
	(232, '250818991-X', '경제', 'Hatity', 'Aurelea', 'Talane', 119, 18698, 'noimage.jpg', 'consequat lectus in est risus auctor sed tristique in tempus sit amet sem fusce consequat', '품절', '2021-02-23 00:00:00', '2021-09-23 00:00:00'),
	(233, '533088040-8', '경제', 'Veribet', 'Drucy', 'Twitterbeat', 620, 23270, 'noimage.jpg', 'non mattis pulvinar nulla pede ullamcorper augue a suscipit nulla elit ac nulla sed vel', '구편절판', '2021-07-17 00:00:00', '2021-09-23 00:00:00'),
	(234, '597817901-8', '여행', 'Ventosanzap', 'Clemence', 'Feedbug', 105, 29817, 'noimage.jpg', 'proin risus praesent lectus vestibulum quam sapien varius ut blandit non interdum in ante vestibulum ante ipsum primis', '품절', '2021-03-31 00:00:00', '2021-09-23 00:00:00'),
	(235, '136058991-0', '경제', 'Gembucket', 'Minni', 'Feedfish', 768, 7714, 'noimage.jpg', 'justo in hac habitasse platea dictumst etiam faucibus cursus urna ut tellus nulla ut erat id mauris vulputate', '품절', '2020-11-07 00:00:00', '2021-09-23 00:00:00'),
	(236, '515431478-6', '만화', 'Konklab', 'Claudell', 'Voonix', 256, 8401, 'noimage.jpg', 'quis libero nullam sit amet turpis elementum ligula vehicula consequat morbi a ipsum integer a nibh in quis', '절판', '2020-12-26 00:00:00', '2021-09-23 00:00:00'),
	(237, '885436402-9', '여행', 'Bitchip', 'Vicky', 'Leexo', 233, 22956, 'noimage.jpg', 'fusce posuere felis sed lacus morbi sem mauris laoreet ut rhoncus aliquet pulvinar', '절판', '2021-07-23 00:00:00', '2021-09-23 00:00:00'),
	(238, '729716134-9', '여행', 'Bytecard', 'Chico', 'Yambee', 574, 22834, 'noimage.jpg', 'aliquet at feugiat non pretium quis lectus suspendisse potenti in eleifend quam a odio in hac habitasse', '절판', '2020-11-03 00:00:00', '2021-09-23 00:00:00'),
	(239, '785678760-0', '소설', 'Lotstring', 'Allx', 'Youtags', 386, 13797, 'noimage.jpg', 'ante vivamus tortor duis mattis egestas metus aenean fermentum donec ut mauris eget massa', '판매중', '2021-04-25 00:00:00', '2021-09-23 00:00:00'),
	(240, '874558151-7', '외국어', 'Bytecard', 'Lucita', 'Avavee', 708, 19595, 'noimage.jpg', 'faucibus accumsan odio curabitur convallis duis consequat dui nec nisi volutpat eleifend donec ut dolor morbi vel lectus', '절판', '2021-09-07 00:00:00', '2021-09-23 00:00:00'),
	(241, '254058674-0', '여행', 'Y-Solowarm', 'Aeriell', 'Thoughtbridge', 471, 14872, 'noimage.jpg', 'adipiscing elit proin risus praesent lectus vestibulum quam sapien varius', '절판', '2021-08-10 00:00:00', '2021-09-23 00:00:00'),
	(242, '852673960-3', '외국어', 'Treeflex', 'Hugh', 'Riffpedia', 244, 16815, 'noimage.jpg', 'aliquam non mauris morbi non lectus aliquam sit amet diam in', '절판', '2021-05-22 00:00:00', '2021-09-23 00:00:00'),
	(243, '772131743-6', '소설', 'Prodder', 'Marline', 'Skaboo', 495, 6109, 'noimage.jpg', 'vel ipsum praesent blandit lacinia erat vestibulum sed magna at nunc commodo placerat', '구편절판', '2021-01-07 00:00:00', '2021-09-23 00:00:00'),
	(244, '079527416-5', '경제', 'Flowdesk', 'Kial', 'Brainbox', 758, 10297, 'noimage.jpg', 'nibh ligula nec sem duis aliquam convallis nunc proin at turpis a pede posuere nonummy integer non', '품절', '2021-07-04 00:00:00', '2021-09-23 00:00:00'),
	(245, '114859298-9', '만화', 'Treeflex', 'Sky', 'Skalith', 514, 19533, 'noimage.jpg', 'eget eleifend luctus ultricies eu nibh quisque id justo sit amet sapien dignissim vestibulum vestibulum ante ipsum primis in', '판매중', '2020-12-29 00:00:00', '2021-09-23 00:00:00'),
	(246, '478995832-9', '소설', 'Wrapsafe', 'Rufus', 'Dabvine', 800, 11595, 'noimage.jpg', 'aliquam augue quam sollicitudin vitae consectetuer eget rutrum at lorem integer tincidunt ante', '판매중', '2021-09-13 00:00:00', '2021-09-23 00:00:00'),
	(247, '197477057-5', '소설', 'Zamit', 'Saraann', 'Meemm', 948, 11667, 'noimage.jpg', 'auctor gravida sem praesent id massa id nisl venenatis lacinia aenean sit amet justo', '품절', '2020-12-09 00:00:00', '2021-09-23 00:00:00'),
	(248, '948722433-5', '외국어', 'Zoolab', 'Morry', 'Pixope', 929, 7573, 'noimage.jpg', 'orci pede venenatis non sodales sed tincidunt eu felis fusce posuere', '구편절판', '2021-02-15 00:00:00', '2021-09-23 00:00:00'),
	(249, '458617804-3', '여행', 'Fintone', 'Carolee', 'Skipfire', 711, 19149, 'noimage.jpg', 'blandit ultrices enim lorem ipsum dolor sit amet consectetuer adipiscing elit proin interdum mauris non ligula pellentesque ultrices phasellus id', '품절', '2021-03-21 00:00:00', '2021-09-23 00:00:00'),
	(250, '705798987-3', '소설', 'Zathin', 'Sherman', 'Kamba', 507, 6576, 'noimage.jpg', 'id ligula suspendisse ornare consequat lectus in est risus auctor sed tristique in tempus', '구편절판', '2021-02-25 00:00:00', '2021-09-23 00:00:00'),
	(251, '844799734-0', '외국어', 'Daltfresh', 'Cherie', 'Jaxbean', 811, 11203, 'noimage.jpg', 'ut suscipit a feugiat et eros vestibulum ac est lacinia nisi venenatis tristique fusce congue diam id', '구편절판', '2021-07-31 00:00:00', '2021-09-23 00:00:00'),
	(252, '263421627-0', '경제', 'Tres-Zap', 'Niel', 'Gabtune', 530, 20753, 'noimage.jpg', 'morbi ut odio cras mi pede malesuada in imperdiet et commodo vulputate justo in blandit ultrices', '품절', '2021-07-09 00:00:00', '2021-09-23 00:00:00'),
	(253, '016993649-X', '경제', 'Voltsillam', 'Feodor', 'Kaymbo', 661, 24593, 'noimage.jpg', 'ante vivamus tortor duis mattis egestas metus aenean fermentum donec', '판매중', '2021-08-25 00:00:00', '2021-09-23 00:00:00'),
	(254, '531179792-4', '외국어', 'Subin', 'Elwood', 'Livetube', 707, 12644, 'noimage.jpg', 'nullam molestie nibh in lectus pellentesque at nulla suspendisse potenti cras in', '절판', '2021-09-03 00:00:00', '2021-09-23 00:00:00'),
	(255, '542276251-7', '여행', 'Ronstring', 'Krishnah', 'Skalith', 494, 12966, 'noimage.jpg', 'ipsum primis in faucibus orci luctus et ultrices posuere cubilia', '절판', '2021-02-23 00:00:00', '2021-09-23 00:00:00'),
	(256, '478848141-3', '외국어', 'Zontrax', 'Ralph', 'Realmix', 718, 5423, 'noimage.jpg', 'sapien cum sociis natoque penatibus et magnis dis parturient montes nascetur ridiculus mus etiam vel augue vestibulum rutrum rutrum', '판매중', '2021-08-14 00:00:00', '2021-09-23 00:00:00'),
	(257, '625389080-8', '소설', 'Alphazap', 'Jodie', 'BlogXS', 424, 20598, 'noimage.jpg', 'quis justo maecenas rhoncus aliquam lacus morbi quis tortor id nulla ultrices aliquet', '절판', '2020-10-12 00:00:00', '2021-09-23 00:00:00'),
	(258, '865294471-7', '만화', 'Matsoft', 'Cob', 'Twitterbeat', 117, 24799, 'noimage.jpg', 'iaculis justo in hac habitasse platea dictumst etiam faucibus cursus urna ut tellus nulla', '구편절판', '2021-01-08 00:00:00', '2021-09-23 00:00:00'),
	(259, '412603484-6', '소설', 'Konklux', 'Corrie', 'Jaxbean', 206, 8684, 'noimage.jpg', 'in consequat ut nulla sed accumsan felis ut at dolor quis odio consequat varius integer', '구편절판', '2021-05-09 00:00:00', '2021-09-23 00:00:00'),
	(260, '299113327-9', '만화', 'Namfix', 'Lynde', 'Jazzy', 759, 27539, 'noimage.jpg', 'mi nulla ac enim in tempor turpis nec euismod scelerisque quam turpis adipiscing lorem vitae mattis nibh ligula nec sem', '절판', '2021-03-05 00:00:00', '2021-09-23 00:00:00'),
	(261, '017415283-3', '만화', 'Keylex', 'Jacquetta', 'Realmix', 773, 24259, 'noimage.jpg', 'fusce congue diam id ornare imperdiet sapien urna pretium nisl ut volutpat sapien arcu sed augue aliquam erat volutpat in', '구편절판', '2021-02-15 00:00:00', '2021-09-23 00:00:00'),
	(262, '733420770-X', '경제', 'Home Ing', 'Kaela', 'Yakijo', 278, 12531, 'noimage.jpg', 'ultrices libero non mattis pulvinar nulla pede ullamcorper augue a suscipit nulla elit ac nulla sed vel enim sit', '품절', '2021-08-16 00:00:00', '2021-09-23 00:00:00'),
	(263, '930516644-X', '외국어', 'Gembucket', 'Blondelle', 'Browseblab', 850, 17128, 'noimage.jpg', 'non sodales sed tincidunt eu felis fusce posuere felis sed lacus morbi sem mauris laoreet', '품절', '2020-10-02 00:00:00', '2021-09-23 00:00:00'),
	(264, '653304111-8', '소설', 'Zoolab', 'Hannis', 'Skinix', 340, 14990, 'noimage.jpg', 'pharetra magna vestibulum aliquet ultrices erat tortor sollicitudin mi sit amet', '품절', '2021-07-27 00:00:00', '2021-09-23 00:00:00'),
	(265, '409608668-1', '소설', 'Tresom', 'Worth', 'Mudo', 339, 14046, 'noimage.jpg', 'fusce posuere felis sed lacus morbi sem mauris laoreet ut rhoncus aliquet pulvinar sed nisl nunc', '절판', '2020-12-22 00:00:00', '2021-09-23 00:00:00'),
	(266, '367785500-4', '경제', 'Alphazap', 'Joana', 'JumpXS', 509, 17040, 'noimage.jpg', 'lobortis est phasellus sit amet erat nulla tempus vivamus in felis eu sapien cursus vestibulum proin', '판매중', '2020-12-10 00:00:00', '2021-09-23 00:00:00'),
	(267, '355647092-6', '여행', 'Otcom', 'Olivero', 'Meeveo', 569, 15893, 'noimage.jpg', 'posuere cubilia curae duis faucibus accumsan odio curabitur convallis duis consequat dui nec nisi volutpat eleifend donec ut dolor', '판매중', '2020-10-03 00:00:00', '2021-09-23 00:00:00'),
	(268, '491009570-5', '소설', 'Transcof', 'Skip', 'Kwideo', 283, 28901, 'noimage.jpg', 'vel pede morbi porttitor lorem id ligula suspendisse ornare consequat lectus in est risus auctor sed tristique in tempus sit', '절판', '2020-11-12 00:00:00', '2021-09-23 00:00:00'),
	(269, '920664715-6', '경제', 'Biodex', 'Jany', 'Linklinks', 211, 7405, 'noimage.jpg', 'consectetuer eget rutrum at lorem integer tincidunt ante vel ipsum praesent blandit lacinia erat vestibulum sed magna at', '품절', '2021-08-01 00:00:00', '2021-09-23 00:00:00'),
	(270, '433393205-X', '만화', 'Opela', 'Delila', 'Izio', 509, 10557, 'noimage.jpg', 'porttitor pede justo eu massa donec dapibus duis at velit', '구편절판', '2020-10-06 00:00:00', '2021-09-23 00:00:00'),
	(271, '622496454-8', '만화', 'Bitchip', 'Cynthea', 'Photolist', 394, 7132, 'noimage.jpg', 'duis ac nibh fusce lacus purus aliquet at feugiat non pretium quis lectus suspendisse potenti in', '품절', '2020-09-29 00:00:00', '2021-09-23 00:00:00'),
	(272, '390368365-5', '경제', 'Mat Lam Tam', 'Aldwin', 'Photospace', 305, 16176, 'noimage.jpg', 'duis aliquam convallis nunc proin at turpis a pede posuere', '판매중', '2020-10-09 00:00:00', '2021-09-23 00:00:00'),
	(273, '415244695-1', '외국어', 'Biodex', 'Eadie', 'Vidoo', 308, 7182, 'noimage.jpg', 'in consequat ut nulla sed accumsan felis ut at dolor quis odio consequat varius integer ac leo', '절판', '2021-01-08 00:00:00', '2021-09-23 00:00:00'),
	(274, '921036513-5', '소설', 'Voltsillam', 'Drugi', 'Kaymbo', 381, 5248, 'noimage.jpg', 'ipsum primis in faucibus orci luctus et ultrices posuere cubilia curae nulla dapibus dolor vel est', '절판', '2021-06-25 00:00:00', '2021-09-23 00:00:00'),
	(275, '090716797-7', '만화', 'Sonair', 'Gabi', 'Janyx', 683, 12729, 'noimage.jpg', 'odio condimentum id luctus nec molestie sed justo pellentesque viverra pede ac diam cras pellentesque volutpat dui maecenas', '절판', '2021-05-06 00:00:00', '2021-09-23 00:00:00'),
	(276, '499579284-8', '경제', 'Ventosanzap', 'Wendie', 'Skyvu', 777, 5088, 'noimage.jpg', 'enim leo rhoncus sed vestibulum sit amet cursus id turpis integer aliquet massa id lobortis convallis tortor risus', '구편절판', '2021-09-20 00:00:00', '2021-09-23 00:00:00'),
	(277, '901939347-2', '만화', 'Zontrax', 'Chrisse', 'Lazzy', 274, 5154, 'noimage.jpg', 'penatibus et magnis dis parturient montes nascetur ridiculus mus etiam vel augue vestibulum', '판매중', '2021-04-24 00:00:00', '2021-09-23 00:00:00'),
	(278, '703447033-2', '여행', 'Job', 'Dallis', 'Trupe', 744, 15173, 'noimage.jpg', 'odio condimentum id luctus nec molestie sed justo pellentesque viverra pede ac diam cras pellentesque volutpat dui maecenas', '구편절판', '2020-10-15 00:00:00', '2021-09-23 00:00:00'),
	(279, '295045643-X', '소설', 'Pannier', 'Collie', 'Youopia', 993, 23987, 'noimage.jpg', 'ultrices erat tortor sollicitudin mi sit amet lobortis sapien sapien non mi integer ac', '구편절판', '2021-05-25 00:00:00', '2021-09-23 00:00:00'),
	(280, '575751872-3', '경제', 'Namfix', 'Norean', 'Topicshots', 780, 7517, 'noimage.jpg', 'consequat dui nec nisi volutpat eleifend donec ut dolor morbi vel lectus in quam fringilla rhoncus mauris enim', '구편절판', '2021-07-29 00:00:00', '2021-09-23 00:00:00'),
	(281, '834405782-5', '경제', 'Aerified', 'Marlo', 'Kanoodle', 804, 24167, 'noimage.jpg', 'tempus semper est quam pharetra magna ac consequat metus sapien ut nunc vestibulum ante ipsum primis in faucibus orci luctus', '구편절판', '2020-11-02 00:00:00', '2021-09-23 00:00:00'),
	(282, '897335641-0', '외국어', 'Cookley', 'Evyn', 'Kanoodle', 698, 28526, 'noimage.jpg', 'vestibulum eget vulputate ut ultrices vel augue vestibulum ante ipsum', '절판', '2021-09-15 00:00:00', '2021-09-23 00:00:00'),
	(283, '223563845-7', '외국어', 'Lotlux', 'Merrill', 'Babbleopia', 425, 28077, 'noimage.jpg', 'metus arcu adipiscing molestie hendrerit at vulputate vitae nisl aenean lectus', '판매중', '2020-10-27 00:00:00', '2021-09-23 00:00:00'),
	(284, '206333402-1', '소설', 'Aerified', 'Antonin', 'Tagtune', 492, 7515, 'noimage.jpg', 'scelerisque quam turpis adipiscing lorem vitae mattis nibh ligula nec', '품절', '2021-05-27 00:00:00', '2021-09-23 00:00:00'),
	(285, '063234953-0', '소설', 'Y-find', 'Rodger', 'Thoughtbeat', 190, 19073, 'noimage.jpg', 'eu interdum eu tincidunt in leo maecenas pulvinar lobortis est phasellus sit amet erat nulla', '절판', '2021-08-13 00:00:00', '2021-09-23 00:00:00'),
	(286, '449536299-2', '외국어', 'Temp', 'Sonni', 'Zoozzy', 426, 25106, 'noimage.jpg', 'dolor quis odio consequat varius integer ac leo pellentesque ultrices mattis odio donec vitae nisi', '구편절판', '2021-09-01 00:00:00', '2021-09-23 00:00:00'),
	(287, '449385818-4', '만화', 'Bitchip', 'Obediah', 'Linklinks', 513, 21271, 'noimage.jpg', 'aliquam quis turpis eget elit sodales scelerisque mauris sit amet eros suspendisse accumsan tortor quis turpis sed ante vivamus tortor', '구편절판', '2020-12-14 00:00:00', '2021-09-23 00:00:00'),
	(288, '041304599-4', '경제', 'Rank', 'Alonzo', 'Twimbo', 385, 11370, 'noimage.jpg', 'cubilia curae mauris viverra diam vitae quam suspendisse potenti nullam porttitor lacus', '판매중', '2021-07-11 00:00:00', '2021-09-23 00:00:00'),
	(289, '682725875-0', '외국어', 'Temp', 'Bobina', 'Mycat', 754, 17158, 'noimage.jpg', 'nulla sed accumsan felis ut at dolor quis odio consequat varius integer ac leo pellentesque', '절판', '2021-03-14 00:00:00', '2021-09-23 00:00:00'),
	(290, '491273692-9', '경제', 'Bitwolf', 'Moses', 'Kwilith', 625, 8201, 'noimage.jpg', 'diam erat fermentum justo nec condimentum neque sapien placerat ante nulla justo aliquam quis turpis eget elit', '판매중', '2020-12-31 00:00:00', '2021-09-23 00:00:00'),
	(291, '766753814-X', '소설', 'Keylex', 'Lynsey', 'Wikivu', 828, 17643, 'noimage.jpg', 'pede justo lacinia eget tincidunt eget tempus vel pede morbi porttitor lorem id ligula', '절판', '2020-10-31 00:00:00', '2021-09-23 00:00:00'),
	(292, '144639853-6', '소설', 'Veribet', 'Addia', 'Youfeed', 507, 27135, 'noimage.jpg', 'leo pellentesque ultrices mattis odio donec vitae nisi nam ultrices libero non mattis pulvinar nulla pede ullamcorper augue', '품절', '2021-03-25 00:00:00', '2021-09-23 00:00:00'),
	(293, '507220261-5', '만화', 'Tin', 'Rosemonde', 'Yabox', 973, 25838, 'noimage.jpg', 'quam fringilla rhoncus mauris enim leo rhoncus sed vestibulum sit', '구편절판', '2021-08-05 00:00:00', '2021-09-23 00:00:00'),
	(294, '630053285-2', '만화', 'Konklux', 'Mead', 'Devcast', 925, 27609, 'noimage.jpg', 'volutpat erat quisque erat eros viverra eget congue eget semper rutrum', '판매중', '2021-06-10 00:00:00', '2021-09-23 00:00:00'),
	(295, '042088550-1', '만화', 'Solarbreeze', 'Katie', 'Fliptune', 518, 19622, 'noimage.jpg', 'et eros vestibulum ac est lacinia nisi venenatis tristique fusce congue diam', '구편절판', '2021-06-15 00:00:00', '2021-09-23 00:00:00'),
	(296, '346676092-5', '외국어', 'Regrant', 'Dag', 'Topdrive', 412, 27913, 'noimage.jpg', 'eros vestibulum ac est lacinia nisi venenatis tristique fusce congue', '품절', '2020-10-03 00:00:00', '2021-09-23 00:00:00'),
	(297, '318686777-0', '만화', 'Vagram', 'Clareta', 'Skinte', 115, 22890, 'noimage.jpg', 'iaculis justo in hac habitasse platea dictumst etiam faucibus cursus urna ut tellus nulla ut erat id mauris', '구편절판', '2020-11-14 00:00:00', '2021-09-23 00:00:00'),
	(298, '853235754-7', '외국어', 'Cardify', 'Corbet', 'Jetpulse', 343, 23281, 'noimage.jpg', 'in ante vestibulum ante ipsum primis in faucibus orci luctus et ultrices posuere cubilia', '절판', '2021-08-27 00:00:00', '2021-09-23 00:00:00'),
	(299, '313214172-0', '여행', 'Bigtax', 'Blayne', 'Katz', 522, 25005, 'noimage.jpg', 'natoque penatibus et magnis dis parturient montes nascetur ridiculus mus', '구편절판', '2021-02-15 00:00:00', '2021-09-23 00:00:00'),
	(300, '352838554-5', '경제', 'Subin', 'Darcy', 'Mynte', 762, 16342, 'noimage.jpg', 'euismod scelerisque quam turpis adipiscing lorem vitae mattis nibh ligula nec sem duis aliquam convallis nunc proin at turpis', '절판', '2021-07-13 00:00:00', '2021-09-23 00:00:00'),
	(301, '050243287-X', '여행', 'Wrapsafe', 'Arie', 'Kwimbee', 519, 29951, 'noimage.jpg', 'donec pharetra magna vestibulum aliquet ultrices erat tortor sollicitudin mi sit amet lobortis sapien sapien', '품절', '2020-11-29 00:00:00', '2021-09-23 00:00:00'),
	(302, '164261066-6', '경제', 'Rank', 'Ula', 'Bubblebox', 184, 9204, 'noimage.jpg', 'nisi vulputate nonummy maecenas tincidunt lacus at velit vivamus vel nulla eget eros elementum pellentesque quisque', '절판', '2021-08-17 00:00:00', '2021-09-23 00:00:00'),
	(303, '235836051-1', '경제', 'Flexidy', 'Care', 'InnoZ', 278, 16162, 'noimage.jpg', 'convallis duis consequat dui nec nisi volutpat eleifend donec ut dolor morbi vel lectus in quam fringilla rhoncus', '구편절판', '2021-08-02 00:00:00', '2021-09-23 00:00:00'),
	(304, '318300737-1', '경제', 'Vagram', 'Shelba', 'Geba', 686, 10564, 'noimage.jpg', 'lectus in quam fringilla rhoncus mauris enim leo rhoncus sed vestibulum sit amet cursus id turpis integer aliquet massa', '품절', '2020-12-08 00:00:00', '2021-09-23 00:00:00'),
	(305, '165216228-3', '여행', 'Home Ing', 'Merrilee', 'Divavu', 920, 14027, 'noimage.jpg', 'sem sed sagittis nam congue risus semper porta volutpat quam pede lobortis ligula sit amet eleifend pede libero', '구편절판', '2020-10-04 00:00:00', '2021-09-23 00:00:00'),
	(306, '085513088-1', '만화', 'Zontrax', 'Violet', 'Quinu', 515, 15938, 'noimage.jpg', 'diam in magna bibendum imperdiet nullam orci pede venenatis non sodales sed tincidunt eu felis fusce posuere felis', '구편절판', '2021-01-28 00:00:00', '2021-09-23 00:00:00'),
	(307, '448135494-1', '여행', 'Lotlux', 'Zaria', 'Photolist', 527, 17099, 'noimage.jpg', 'etiam vel augue vestibulum rutrum rutrum neque aenean auctor gravida sem', '절판', '2021-07-14 00:00:00', '2021-09-23 00:00:00'),
	(308, '809388039-9', '소설', 'Bitwolf', 'Camella', 'Twitterlist', 542, 21602, 'noimage.jpg', 'amet sem fusce consequat nulla nisl nunc nisl duis bibendum felis', '품절', '2020-12-08 00:00:00', '2021-09-23 00:00:00'),
	(309, '347832148-4', '소설', 'Holdlamis', 'Rock', 'Viva', 409, 21899, 'noimage.jpg', 'justo in blandit ultrices enim lorem ipsum dolor sit amet consectetuer adipiscing elit', '절판', '2021-08-10 00:00:00', '2021-09-23 00:00:00'),
	(310, '980786751-7', '경제', 'Stringtough', 'Clemens', 'Jabberstorm', 178, 15966, 'noimage.jpg', 'dapibus dolor vel est donec odio justo sollicitudin ut suscipit a feugiat et eros', '판매중', '2021-07-29 00:00:00', '2021-09-23 00:00:00'),
	(311, '790299926-1', '경제', 'Wrapsafe', 'Yettie', 'Cogibox', 140, 29025, 'noimage.jpg', 'nisi vulputate nonummy maecenas tincidunt lacus at velit vivamus vel nulla eget eros elementum pellentesque quisque porta', '절판', '2020-10-26 00:00:00', '2021-09-23 00:00:00'),
	(312, '148657796-2', '경제', 'Bigtax', 'Rogerio', 'Oyonder', 997, 18367, 'noimage.jpg', 'vitae nisi nam ultrices libero non mattis pulvinar nulla pede ullamcorper augue a', '품절', '2021-06-11 00:00:00', '2021-09-23 00:00:00'),
	(313, '539789160-6', '외국어', 'Solarbreeze', 'Jeramie', 'Bubblebox', 653, 6625, 'noimage.jpg', 'leo maecenas pulvinar lobortis est phasellus sit amet erat nulla tempus vivamus in felis eu sapien cursus vestibulum', '절판', '2021-09-14 00:00:00', '2021-09-23 00:00:00'),
	(314, '025490730-X', '여행', 'Andalax', 'Juana', 'Skinte', 385, 6067, 'noimage.jpg', 'ac diam cras pellentesque volutpat dui maecenas tristique est et', '구편절판', '2021-07-12 00:00:00', '2021-09-23 00:00:00'),
	(315, '489053796-1', '외국어', 'Sub-Ex', 'Wanids', 'Fivechat', 453, 20734, 'noimage.jpg', 'auctor gravida sem praesent id massa id nisl venenatis lacinia aenean sit amet justo morbi ut', '품절', '2021-03-23 00:00:00', '2021-09-23 00:00:00'),
	(316, '735418774-7', '경제', 'Tempsoft', 'Inga', 'Eamia', 443, 10436, 'noimage.jpg', 'vehicula consequat morbi a ipsum integer a nibh in quis justo maecenas rhoncus aliquam lacus morbi quis tortor', '판매중', '2021-08-02 00:00:00', '2021-09-23 00:00:00'),
	(317, '279220450-8', '여행', 'Konklux', 'Abbye', 'Thoughtstorm', 624, 8726, 'noimage.jpg', 'consectetuer adipiscing elit proin risus praesent lectus vestibulum quam sapien varius ut', '판매중', '2021-03-24 00:00:00', '2021-09-23 00:00:00'),
	(318, '296119146-7', '만화', 'Matsoft', 'Carolina', 'Skajo', 717, 9994, 'noimage.jpg', 'nisi nam ultrices libero non mattis pulvinar nulla pede ullamcorper augue a suscipit nulla elit ac', '품절', '2021-02-10 00:00:00', '2021-09-23 00:00:00'),
	(319, '170693147-6', '경제', 'Bitchip', 'Izabel', 'Topicshots', 681, 22541, 'noimage.jpg', 'maecenas tincidunt lacus at velit vivamus vel nulla eget eros', '절판', '2021-08-23 00:00:00', '2021-09-23 00:00:00'),
	(320, '273856374-0', '외국어', 'Toughjoyfax', 'Dotti', 'Zoomcast', 997, 13504, 'noimage.jpg', 'pede justo eu massa donec dapibus duis at velit eu', '구편절판', '2021-06-09 00:00:00', '2021-09-23 00:00:00'),
	(321, '888178231-6', '소설', 'Konklux', 'Jenda', 'Jabbersphere', 775, 21269, 'noimage.jpg', 'est et tempus semper est quam pharetra magna ac consequat metus sapien ut nunc vestibulum ante', '구편절판', '2021-06-15 00:00:00', '2021-09-23 00:00:00'),
	(322, '230401458-5', '소설', 'Job', 'Nickie', 'Eare', 578, 24423, 'noimage.jpg', 'amet justo morbi ut odio cras mi pede malesuada in imperdiet et commodo vulputate justo in blandit ultrices enim', '판매중', '2020-09-30 00:00:00', '2021-09-23 00:00:00'),
	(323, '399330424-1', '여행', 'Zathin', 'Amerigo', 'Shuffledrive', 413, 9722, 'noimage.jpg', 'orci eget orci vehicula condimentum curabitur in libero ut massa volutpat convallis morbi odio odio', '판매중', '2021-06-18 00:00:00', '2021-09-23 00:00:00'),
	(324, '207752101-5', '경제', 'Subin', 'Ailina', 'Bluejam', 268, 24335, 'noimage.jpg', 'fusce posuere felis sed lacus morbi sem mauris laoreet ut', '구편절판', '2021-03-20 00:00:00', '2021-09-23 00:00:00'),
	(325, '153538174-4', '소설', 'Sonair', 'Kingsley', 'Yabox', 329, 26527, 'noimage.jpg', 'et ultrices posuere cubilia curae nulla dapibus dolor vel est donec odio justo', '품절', '2021-08-19 00:00:00', '2021-09-23 00:00:00'),
	(326, '359909067-X', '여행', 'Stim', 'Yehudit', 'Edgeclub', 537, 9887, 'noimage.jpg', 'et ultrices posuere cubilia curae mauris viverra diam vitae quam suspendisse potenti nullam porttitor lacus at turpis donec posuere', '절판', '2021-09-06 00:00:00', '2021-09-23 00:00:00'),
	(327, '373150746-3', '경제', 'Sonsing', 'Rosina', 'Jabbersphere', 490, 15599, 'noimage.jpg', 'morbi vestibulum velit id pretium iaculis diam erat fermentum justo nec condimentum', '절판', '2021-08-07 00:00:00', '2021-09-23 00:00:00'),
	(328, '212059678-6', '만화', 'Temp', 'Loise', 'Tekfly', 737, 16750, 'noimage.jpg', 'nulla pede ullamcorper augue a suscipit nulla elit ac nulla sed vel enim sit amet nunc viverra dapibus', '품절', '2020-10-07 00:00:00', '2021-09-23 00:00:00'),
	(329, '893687467-5', '만화', 'Viva', 'Olav', 'Skidoo', 915, 8643, 'noimage.jpg', 'integer ac leo pellentesque ultrices mattis odio donec vitae nisi nam ultrices libero non mattis pulvinar nulla pede', '구편절판', '2021-08-06 00:00:00', '2021-09-23 00:00:00'),
	(330, '470871118-2', '만화', 'Cardify', 'Karina', 'Bluezoom', 598, 25273, 'noimage.jpg', 'id lobortis convallis tortor risus dapibus augue vel accumsan tellus nisi', '품절', '2021-07-15 00:00:00', '2021-09-23 00:00:00'),
	(331, '979208956-X', '만화', 'Alpha', 'Mead', 'Layo', 566, 7719, 'noimage.jpg', 'blandit non interdum in ante vestibulum ante ipsum primis in faucibus orci luctus et ultrices', '구편절판', '2021-06-13 00:00:00', '2021-09-23 00:00:00'),
	(332, '030544276-7', '외국어', 'Flexidy', 'Adan', 'Livefish', 303, 8526, 'noimage.jpg', 'nulla elit ac nulla sed vel enim sit amet nunc viverra dapibus', '절판', '2021-02-13 00:00:00', '2021-09-23 00:00:00'),
	(333, '494422810-4', '소설', 'Aerified', 'Tadd', 'Brightdog', 624, 12842, 'noimage.jpg', 'nunc purus phasellus in felis donec semper sapien a libero nam dui proin leo odio porttitor id consequat in consequat', '구편절판', '2021-06-01 00:00:00', '2021-09-23 00:00:00'),
	(334, '442275134-4', '외국어', 'Hatity', 'Wileen', 'Buzzbean', 733, 16849, 'noimage.jpg', 'hac habitasse platea dictumst aliquam augue quam sollicitudin vitae consectetuer eget rutrum at lorem', '절판', '2020-10-26 00:00:00', '2021-09-23 00:00:00'),
	(335, '745384137-2', '만화', 'Opela', 'Janean', 'Realcube', 672, 25677, 'noimage.jpg', 'duis ac nibh fusce lacus purus aliquet at feugiat non pretium', '절판', '2021-07-20 00:00:00', '2021-09-23 00:00:00'),
	(336, '851630394-2', '소설', 'Tresom', 'Rubina', 'Oyope', 842, 26608, 'noimage.jpg', 'ipsum praesent blandit lacinia erat vestibulum sed magna at nunc commodo placerat praesent blandit nam nulla integer', '구편절판', '2021-04-14 00:00:00', '2021-09-23 00:00:00'),
	(337, '013674680-2', '경제', 'Bitchip', 'Bethena', 'Realfire', 689, 14064, 'noimage.jpg', 'congue diam id ornare imperdiet sapien urna pretium nisl ut volutpat sapien arcu sed', '품절', '2021-09-07 00:00:00', '2021-09-23 00:00:00'),
	(338, '298430279-6', '소설', 'Bitwolf', 'Cyb', 'Oyoloo', 581, 20903, 'noimage.jpg', 'amet turpis elementum ligula vehicula consequat morbi a ipsum integer a nibh in', '구편절판', '2021-05-09 00:00:00', '2021-09-23 00:00:00'),
	(339, '576686449-3', '여행', 'Tresom', 'Desmund', 'Ooba', 954, 21945, 'noimage.jpg', 'non ligula pellentesque ultrices phasellus id sapien in sapien iaculis congue vivamus metus arcu adipiscing molestie', '절판', '2021-05-15 00:00:00', '2021-09-23 00:00:00'),
	(340, '260285008-X', '소설', 'Treeflex', 'Barnabas', 'Einti', 130, 23858, 'noimage.jpg', 'lorem integer tincidunt ante vel ipsum praesent blandit lacinia erat vestibulum sed magna at nunc commodo placerat praesent blandit', '절판', '2021-06-13 00:00:00', '2021-09-23 00:00:00'),
	(341, '111565689-9', '외국어', 'Zontrax', 'Myrlene', 'Zoomzone', 482, 20041, 'noimage.jpg', 'velit eu est congue elementum in hac habitasse platea dictumst morbi vestibulum velit id', '절판', '2021-04-10 00:00:00', '2021-09-23 00:00:00'),
	(343, '672465225-1', '여행', 'Keylex', 'Melony', 'Minyx', 535, 15498, 'noimage.jpg', 'ac leo pellentesque ultrices mattis odio donec vitae nisi nam ultrices libero', '절판', '2021-04-30 00:00:00', '2021-09-23 00:00:00'),
	(344, '000683311-X', '여행', 'Rank', 'Tobiah', 'Meevee', 667, 10562, 'noimage.jpg', 'lacus at velit vivamus vel nulla eget eros elementum pellentesque quisque porta volutpat erat quisque erat', '판매중', '2021-06-08 00:00:00', '2021-09-23 00:00:00'),
	(345, '070384581-0', '경제', 'Tempsoft', 'Etty', 'Avamba', 788, 29422, 'noimage.jpg', 'nulla suspendisse potenti cras in purus eu magna vulputate luctus cum sociis natoque', '품절', '2021-05-16 00:00:00', '2021-09-23 00:00:00'),
	(346, '913727140-7', '만화', 'Tres-Zap', 'Rockey', 'Browsezoom', 379, 24320, 'noimage.jpg', 'nunc proin at turpis a pede posuere nonummy integer non velit donec diam neque', '품절', '2021-01-22 00:00:00', '2021-09-23 00:00:00'),
	(347, '696824022-X', '경제', 'Prodder', 'Wakefield', 'Twitterlist', 593, 20540, 'noimage.jpg', 'dis parturient montes nascetur ridiculus mus vivamus vestibulum sagittis sapien cum sociis natoque penatibus et magnis dis', '품절', '2021-04-01 00:00:00', '2021-09-23 00:00:00'),
	(348, '790893929-5', '경제', 'Zaam-Dox', 'Hershel', 'Vitz', 741, 29307, 'noimage.jpg', 'tellus nulla ut erat id mauris vulputate elementum nullam varius nulla', '절판', '2020-10-08 00:00:00', '2021-09-23 00:00:00'),
	(349, '730895993-7', '경제', 'Greenlam', 'Genia', 'Buzzdog', 784, 29495, 'noimage.jpg', 'praesent blandit nam nulla integer pede justo lacinia eget tincidunt eget tempus vel', '판매중', '2021-02-16 00:00:00', '2021-09-23 00:00:00'),
	(350, '171682352-8', '여행', 'Bitchip', 'Edgardo', 'Demimbu', 130, 22237, 'noimage.jpg', 'dui maecenas tristique est et tempus semper est quam pharetra magna ac consequat metus sapien ut', '판매중', '2021-04-22 00:00:00', '2021-09-23 00:00:00'),
	(351, '116646929-8', '경제', 'Span', 'Ema', 'Rhyzio', 947, 6286, 'noimage.jpg', 'dictumst aliquam augue quam sollicitudin vitae consectetuer eget rutrum at lorem integer', '판매중', '2021-04-20 00:00:00', '2021-09-23 00:00:00'),
	(352, '946582507-7', '소설', 'Toughjoyfax', 'Nolan', 'Skynoodle', 890, 25496, 'noimage.jpg', 'non mattis pulvinar nulla pede ullamcorper augue a suscipit nulla elit ac nulla sed vel', '구편절판', '2021-06-21 00:00:00', '2021-09-23 00:00:00'),
	(353, '915264526-6', '여행', 'Lotlux', 'Jewelle', 'Mydo', 779, 17569, 'noimage.jpg', 'tempus vivamus in felis eu sapien cursus vestibulum proin eu mi nulla ac enim in tempor turpis nec euismod', '구편절판', '2021-07-01 00:00:00', '2021-09-23 00:00:00'),
	(354, '927767651-5', '만화', 'Kanlam', 'Happy', 'Jetpulse', 612, 21993, 'noimage.jpg', 'vitae ipsum aliquam non mauris morbi non lectus aliquam sit amet diam', '절판', '2020-12-08 00:00:00', '2021-09-23 00:00:00'),
	(355, '160918934-5', '경제', 'Aerified', 'Angy', 'Photobug', 450, 6309, 'noimage.jpg', 'ut dolor morbi vel lectus in quam fringilla rhoncus mauris enim', '판매중', '2021-03-12 00:00:00', '2021-09-23 00:00:00'),
	(356, '161941724-3', '경제', 'Daltfresh', 'Emelda', 'Rhycero', 730, 24753, 'noimage.jpg', 'sollicitudin mi sit amet lobortis sapien sapien non mi integer ac neque duis bibendum morbi non quam', '구편절판', '2021-04-11 00:00:00', '2021-09-23 00:00:00'),
	(357, '920172930-8', '경제', 'Stim', 'Gilda', 'Blogspan', 196, 18840, 'noimage.jpg', 'ante ipsum primis in faucibus orci luctus et ultrices posuere cubilia curae nulla dapibus dolor vel', '절판', '2020-12-24 00:00:00', '2021-09-23 00:00:00'),
	(358, '165475586-9', '소설', 'Sonsing', 'Alfi', 'Blogtag', 867, 16264, 'noimage.jpg', 'dui vel sem sed sagittis nam congue risus semper porta volutpat quam pede lobortis ligula sit amet eleifend', '품절', '2021-05-21 00:00:00', '2021-09-23 00:00:00'),
	(359, '475453827-7', '여행', 'Sub-Ex', 'Bibi', 'Photobug', 865, 18675, 'noimage.jpg', 'ut massa volutpat convallis morbi odio odio elementum eu interdum eu tincidunt in leo maecenas pulvinar lobortis', '품절', '2021-03-11 00:00:00', '2021-09-23 00:00:00'),
	(360, '922969087-2', '여행', 'Matsoft', 'Theadora', 'Yodel', 123, 16198, 'noimage.jpg', 'ante vivamus tortor duis mattis egestas metus aenean fermentum donec ut mauris eget massa tempor convallis', '판매중', '2021-08-04 00:00:00', '2021-09-23 00:00:00'),
	(361, '377379707-9', '만화', 'Domainer', 'Tedman', 'Gigazoom', 279, 24958, 'noimage.jpg', 'molestie sed justo pellentesque viverra pede ac diam cras pellentesque volutpat', '품절', '2021-06-21 00:00:00', '2021-09-23 00:00:00'),
	(362, '859094396-8', '여행', 'Voltsillam', 'George', 'Myworks', 889, 16384, 'noimage.jpg', 'ultrices posuere cubilia curae mauris viverra diam vitae quam suspendisse potenti nullam', '절판', '2020-11-14 00:00:00', '2021-09-23 00:00:00'),
	(363, '703400818-3', '여행', 'Cardify', 'Lorenza', 'Wikizz', 536, 29777, 'noimage.jpg', 'velit id pretium iaculis diam erat fermentum justo nec condimentum neque sapien', '구편절판', '2021-08-22 00:00:00', '2021-09-23 00:00:00'),
	(364, '120063203-6', '외국어', 'Bamity', 'Selma', 'Buzzshare', 359, 29368, 'noimage.jpg', 'turpis elementum ligula vehicula consequat morbi a ipsum integer a nibh in quis justo maecenas rhoncus', '품절', '2021-03-30 00:00:00', '2021-09-23 00:00:00'),
	(365, '559411819-5', '여행', 'Duobam', 'Gary', 'Wordpedia', 485, 24680, 'noimage.jpg', 'a pede posuere nonummy integer non velit donec diam neque vestibulum eget vulputate ut ultrices', '구편절판', '2021-05-04 00:00:00', '2021-09-23 00:00:00'),
	(366, '762223192-4', '경제', 'Bitwolf', 'Randy', 'Edgeclub', 477, 11801, 'noimage.jpg', 'mi sit amet lobortis sapien sapien non mi integer ac', '절판', '2021-01-28 00:00:00', '2021-09-23 00:00:00'),
	(367, '674577216-7', '만화', 'Temp', 'Norbie', 'Edgepulse', 417, 25735, 'noimage.jpg', 'id lobortis convallis tortor risus dapibus augue vel accumsan tellus nisi eu orci mauris lacinia sapien', '구편절판', '2021-03-24 00:00:00', '2021-09-23 00:00:00'),
	(368, '487863382-4', '만화', 'Quo Lux', 'Theadora', 'Zoovu', 408, 25396, 'noimage.jpg', 'massa id lobortis convallis tortor risus dapibus augue vel accumsan tellus nisi eu orci mauris lacinia', '절판', '2021-05-09 00:00:00', '2021-09-23 00:00:00'),
	(369, '004018310-6', '만화', 'Tin', 'Puff', 'Eazzy', 784, 7001, 'noimage.jpg', 'in faucibus orci luctus et ultrices posuere cubilia curae donec pharetra magna vestibulum aliquet ultrices erat tortor sollicitudin mi sit', '품절', '2021-07-14 00:00:00', '2021-09-23 00:00:00'),
	(370, '204585252-0', '소설', 'Sub-Ex', 'Dare', 'Mydeo', 898, 9847, 'noimage.jpg', 'nulla pede ullamcorper augue a suscipit nulla elit ac nulla sed vel enim sit amet', '절판', '2021-07-11 00:00:00', '2021-09-23 00:00:00'),
	(371, '324153985-7', '경제', 'Latlux', 'Miller', 'Kazio', 956, 8848, 'noimage.jpg', 'dapibus dolor vel est donec odio justo sollicitudin ut suscipit a feugiat et', '판매중', '2020-12-10 00:00:00', '2021-09-23 00:00:00'),
	(372, '618771673-6', '만화', 'Regrant', 'Cob', 'Bluezoom', 254, 29483, 'noimage.jpg', 'tortor duis mattis egestas metus aenean fermentum donec ut mauris', '품절', '2020-09-24 00:00:00', '2021-09-23 00:00:00'),
	(373, '641217780-9', '만화', 'Opela', 'Jaquelyn', 'Eabox', 331, 9805, 'noimage.jpg', 'nisl duis ac nibh fusce lacus purus aliquet at feugiat non pretium quis', '품절', '2021-01-31 00:00:00', '2021-09-23 00:00:00'),
	(374, '430094260-9', '외국어', 'Span', 'Abdul', 'Linktype', 928, 25907, 'noimage.jpg', 'odio curabitur convallis duis consequat dui nec nisi volutpat eleifend donec ut dolor morbi vel lectus in', '판매중', '2021-07-23 00:00:00', '2021-09-23 00:00:00'),
	(375, '225915961-3', '외국어', 'Y-find', 'Ebeneser', 'Jabbertype', 172, 27421, 'noimage.jpg', 'aliquet maecenas leo odio condimentum id luctus nec molestie sed justo pellentesque viverra pede', '절판', '2021-02-13 00:00:00', '2021-09-23 00:00:00'),
	(376, '433751340-X', '만화', 'Alphazap', 'Dulce', 'Blognation', 416, 9861, 'noimage.jpg', 'ut at dolor quis odio consequat varius integer ac leo', '절판', '2021-09-13 00:00:00', '2021-09-23 00:00:00'),
	(377, '742894465-1', '경제', 'Overhold', 'Bernita', 'Oyope', 412, 27219, 'noimage.jpg', 'dolor sit amet consectetuer adipiscing elit proin risus praesent lectus vestibulum quam sapien varius', '구편절판', '2021-05-23 00:00:00', '2021-09-23 00:00:00'),
	(378, '343409788-0', '만화', 'Zathin', 'Evie', 'Quatz', 436, 12438, 'noimage.jpg', 'condimentum id luctus nec molestie sed justo pellentesque viverra pede ac diam cras pellentesque volutpat dui', '품절', '2020-12-13 00:00:00', '2021-09-23 00:00:00'),
	(379, '868394595-2', '만화', 'Lotlux', 'Blanca', 'Nlounge', 865, 20629, 'noimage.jpg', 'vestibulum sagittis sapien cum sociis natoque penatibus et magnis dis parturient montes nascetur ridiculus mus etiam', '구편절판', '2020-12-01 00:00:00', '2021-09-23 00:00:00'),
	(380, '768275029-4', '만화', 'Stringtough', 'Derrik', 'Wordpedia', 509, 29693, 'noimage.jpg', 'odio cras mi pede malesuada in imperdiet et commodo vulputate justo in', '품절', '2021-02-07 00:00:00', '2021-09-23 00:00:00'),
	(381, '673580665-4', '경제', 'Duobam', 'Zorine', 'Flashspan', 350, 24110, 'noimage.jpg', 'amet consectetuer adipiscing elit proin interdum mauris non ligula pellentesque ultrices phasellus id sapien in sapien iaculis congue vivamus', '품절', '2021-06-17 00:00:00', '2021-09-23 00:00:00'),
	(382, '243991317-0', '경제', 'Opela', 'Puff', 'BlogXS', 103, 14948, 'noimage.jpg', 'ipsum praesent blandit lacinia erat vestibulum sed magna at nunc', '품절', '2021-05-07 00:00:00', '2021-09-23 00:00:00'),
	(383, '553532647-X', '만화', 'Duobam', 'Raimondo', 'Plajo', 917, 7342, 'noimage.jpg', 'penatibus et magnis dis parturient montes nascetur ridiculus mus etiam vel augue vestibulum rutrum rutrum neque', '절판', '2021-01-10 00:00:00', '2021-09-23 00:00:00'),
	(384, '355234885-9', '소설', 'Cardguard', 'Rickard', 'Meemm', 622, 24153, 'noimage.jpg', 'amet diam in magna bibendum imperdiet nullam orci pede venenatis', '구편절판', '2020-12-10 00:00:00', '2021-09-23 00:00:00'),
	(385, '175908659-2', '만화', 'Andalax', 'Minni', 'Myworks', 848, 17355, 'noimage.jpg', 'viverra pede ac diam cras pellentesque volutpat dui maecenas tristique', '품절', '2021-05-02 00:00:00', '2021-09-23 00:00:00'),
	(386, '942737681-3', '외국어', 'Fintone', 'Gerianne', 'Oozz', 473, 10416, 'noimage.jpg', 'ante nulla justo aliquam quis turpis eget elit sodales scelerisque mauris sit amet eros suspendisse accumsan tortor', '판매중', '2021-08-18 00:00:00', '2021-09-23 00:00:00'),
	(387, '222511299-1', '경제', 'Mat Lam Tam', 'Belinda', 'Realmix', 266, 28242, 'noimage.jpg', 'rhoncus aliquam lacus morbi quis tortor id nulla ultrices aliquet maecenas leo odio condimentum', '품절', '2020-12-24 00:00:00', '2021-09-23 00:00:00'),
	(388, '583977421-9', '외국어', 'Alphazap', 'Arni', 'Kazio', 125, 18208, 'noimage.jpg', 'accumsan odio curabitur convallis duis consequat dui nec nisi volutpat eleifend donec ut dolor morbi vel', '절판', '2020-10-19 00:00:00', '2021-09-23 00:00:00'),
	(389, '992849964-0', '만화', 'Bamity', 'Tamiko', 'Quamba', 955, 12767, 'noimage.jpg', 'ut odio cras mi pede malesuada in imperdiet et commodo', '절판', '2021-08-03 00:00:00', '2021-09-23 00:00:00'),
	(390, '980098906-4', '소설', 'Bitwolf', 'Alidia', 'Brainverse', 166, 11204, 'noimage.jpg', 'sit amet diam in magna bibendum imperdiet nullam orci pede venenatis non sodales sed tincidunt eu felis fusce posuere', '판매중', '2021-01-20 00:00:00', '2021-09-23 00:00:00'),
	(391, '167658635-0', '소설', 'Vagram', 'Liz', 'Mymm', 498, 28134, 'noimage.jpg', 'libero ut massa volutpat convallis morbi odio odio elementum eu interdum eu tincidunt in leo maecenas pulvinar lobortis est phasellus', '품절', '2020-10-04 00:00:00', '2021-09-23 00:00:00'),
	(392, '442736518-3', '소설', 'Domainer', 'Mozelle', 'Kimia', 800, 20023, 'noimage.jpg', 'sit amet lobortis sapien sapien non mi integer ac neque duis bibendum morbi non quam nec', '판매중', '2021-02-19 00:00:00', '2021-09-23 00:00:00'),
	(393, '996866556-8', '만화', 'Alpha', 'Augustus', 'Zooveo', 231, 12851, 'noimage.jpg', 'in eleifend quam a odio in hac habitasse platea dictumst maecenas', '구편절판', '2021-02-04 00:00:00', '2021-09-23 00:00:00'),
	(394, '668325679-9', '경제', 'Tampflex', 'Konrad', 'Ntag', 886, 12210, 'noimage.jpg', 'vitae ipsum aliquam non mauris morbi non lectus aliquam sit amet diam in magna bibendum imperdiet nullam', '판매중', '2020-10-04 00:00:00', '2021-09-23 00:00:00'),
	(395, '063883555-0', '소설', 'Wrapsafe', 'Rube', 'Fadeo', 161, 22497, 'noimage.jpg', 'tincidunt ante vel ipsum praesent blandit lacinia erat vestibulum sed magna', '구편절판', '2021-06-22 00:00:00', '2021-09-23 00:00:00'),
	(396, '486659291-5', '만화', 'Bitwolf', 'Charin', 'Jabbercube', 717, 24453, 'noimage.jpg', 'pretium iaculis justo in hac habitasse platea dictumst etiam faucibus cursus urna ut tellus nulla ut', '품절', '2020-10-24 00:00:00', '2021-09-23 00:00:00'),
	(397, '806927265-1', '외국어', 'Otcom', 'Mahala', 'Skipfire', 875, 22882, 'noimage.jpg', 'turpis eget elit sodales scelerisque mauris sit amet eros suspendisse accumsan tortor quis', '판매중', '2021-02-23 00:00:00', '2021-09-23 00:00:00'),
	(398, '277039039-2', '여행', 'Vagram', 'Caria', 'Yodo', 739, 17809, 'noimage.jpg', 'urna pretium nisl ut volutpat sapien arcu sed augue aliquam erat volutpat in congue', '절판', '2021-05-19 00:00:00', '2021-09-23 00:00:00'),
	(399, '034882129-8', '만화', 'Greenlam', 'Melitta', 'Rhycero', 713, 15917, 'noimage.jpg', 'est risus auctor sed tristique in tempus sit amet sem', '품절', '2020-11-24 00:00:00', '2021-09-23 00:00:00'),
	(400, '933979024-3', '경제', 'Otcom', 'Kalindi', 'Twimbo', 536, 7277, 'noimage.jpg', 'pharetra magna vestibulum aliquet ultrices erat tortor sollicitudin mi sit amet lobortis sapien sapien non mi integer ac', '판매중', '2021-03-11 00:00:00', '2021-09-23 00:00:00'),
	(401, '784729126-6', '만화', 'Pannier', 'Madelin', 'Lazz', 954, 24425, 'noimage.jpg', 'mauris viverra diam vitae quam suspendisse potenti nullam porttitor lacus at turpis donec posuere metus vitae ipsum aliquam', '품절', '2020-11-13 00:00:00', '2021-09-23 00:00:00'),
	(402, '012885878-8', '여행', 'Greenlam', 'Alvera', 'Yakitri', 425, 7894, 'noimage.jpg', 'rutrum rutrum neque aenean auctor gravida sem praesent id massa id', '절판', '2020-10-28 00:00:00', '2021-09-23 00:00:00'),
	(403, '088250131-3', '경제', 'Alphazap', 'Karlens', 'Yakitri', 193, 15392, 'noimage.jpg', 'luctus et ultrices posuere cubilia curae duis faucibus accumsan odio curabitur', '구편절판', '2021-04-19 00:00:00', '2021-09-23 00:00:00'),
	(404, '634841349-7', '여행', 'Domainer', 'Rheta', 'Chatterpoint', 432, 13836, 'noimage.jpg', 'rutrum rutrum neque aenean auctor gravida sem praesent id massa id nisl venenatis lacinia aenean sit amet', '품절', '2021-08-25 00:00:00', '2021-09-23 00:00:00'),
	(405, '171088696-X', '만화', 'Sonsing', 'Blair', 'Photobean', 193, 17318, 'noimage.jpg', 'duis ac nibh fusce lacus purus aliquet at feugiat non pretium quis lectus suspendisse potenti in eleifend', '판매중', '2021-09-18 00:00:00', '2021-09-23 00:00:00'),
	(406, '787044005-1', '소설', 'Temp', 'Fiorenze', 'Avavee', 878, 20475, 'noimage.jpg', 'porta volutpat erat quisque erat eros viverra eget congue eget semper rutrum nulla nunc purus phasellus in', '구편절판', '2021-08-18 00:00:00', '2021-09-23 00:00:00'),
	(407, '809174999-6', '경제', 'Transcof', 'Blinni', 'Skaboo', 903, 16723, 'noimage.jpg', 'suscipit ligula in lacus curabitur at ipsum ac tellus semper', '판매중', '2021-02-22 00:00:00', '2021-09-23 00:00:00'),
	(408, '407818084-1', '외국어', 'Konklab', 'Orel', 'Fivechat', 407, 13879, 'noimage.jpg', 'interdum in ante vestibulum ante ipsum primis in faucibus orci luctus et ultrices posuere', '구편절판', '2020-11-23 00:00:00', '2021-09-23 00:00:00'),
	(409, '128575874-9', '외국어', 'Asoka', 'Kevan', 'Kanoodle', 301, 27590, 'noimage.jpg', 'faucibus orci luctus et ultrices posuere cubilia curae duis faucibus accumsan odio curabitur convallis duis consequat', '절판', '2021-05-08 00:00:00', '2021-09-23 00:00:00'),
	(410, '366521733-4', '외국어', 'Konklux', 'Sayre', 'InnoZ', 477, 29137, 'noimage.jpg', 'porttitor id consequat in consequat ut nulla sed accumsan felis ut at dolor quis odio consequat varius integer ac leo', '품절', '2021-06-12 00:00:00', '2021-09-23 00:00:00'),
	(411, '614009441-0', '여행', 'Fix San', 'Tim', 'Dablist', 982, 16246, 'noimage.jpg', 'ultrices posuere cubilia curae duis faucibus accumsan odio curabitur convallis duis consequat dui nec nisi volutpat', '판매중', '2021-05-16 00:00:00', '2021-09-23 00:00:00'),
	(412, '816470652-3', '외국어', 'Cookley', 'Karna', 'Bluejam', 373, 16551, 'noimage.jpg', 'arcu adipiscing molestie hendrerit at vulputate vitae nisl aenean lectus', '절판', '2021-09-08 00:00:00', '2021-09-23 00:00:00'),
	(413, '706028739-6', '외국어', 'Vagram', 'Blanca', 'Yakijo', 797, 6470, 'noimage.jpg', 'montes nascetur ridiculus mus vivamus vestibulum sagittis sapien cum sociis natoque penatibus et magnis dis', '판매중', '2021-06-08 00:00:00', '2021-09-23 00:00:00'),
	(414, '134717692-6', '경제', 'Alpha', 'Skyler', 'Devpoint', 421, 22928, 'noimage.jpg', 'est risus auctor sed tristique in tempus sit amet sem fusce consequat nulla nisl nunc nisl', '판매중', '2021-03-27 00:00:00', '2021-09-23 00:00:00'),
	(415, '667115875-4', '여행', 'Solarbreeze', 'Felicio', 'Skyndu', 258, 16484, 'noimage.jpg', 'sem praesent id massa id nisl venenatis lacinia aenean sit amet justo morbi ut odio cras mi pede malesuada', '절판', '2021-02-23 00:00:00', '2021-09-23 00:00:00'),
	(416, '954989383-9', '외국어', 'Konklux', 'Carie', 'Photojam', 118, 9318, 'noimage.jpg', 'quis odio consequat varius integer ac leo pellentesque ultrices mattis odio donec vitae nisi nam ultrices libero', '절판', '2021-06-06 00:00:00', '2021-09-23 00:00:00'),
	(417, '961429325-X', '여행', 'Aerified', 'Bevan', 'Rhyzio', 132, 11231, 'noimage.jpg', 'et ultrices posuere cubilia curae donec pharetra magna vestibulum aliquet ultrices erat tortor sollicitudin mi sit amet lobortis sapien', '품절', '2021-08-11 00:00:00', '2021-09-23 00:00:00'),
	(418, '204765169-7', '경제', 'Sonsing', 'Ashli', 'Podcat', 638, 10339, 'noimage.jpg', 'ultrices aliquet maecenas leo odio condimentum id luctus nec molestie sed justo pellentesque viverra pede ac diam', '구편절판', '2021-06-11 00:00:00', '2021-09-23 00:00:00'),
	(419, '771552615-0', '외국어', 'Sonsing', 'Ag', 'Devpoint', 660, 25195, 'noimage.jpg', 'congue risus semper porta volutpat quam pede lobortis ligula sit amet eleifend pede', '구편절판', '2021-06-17 00:00:00', '2021-09-23 00:00:00'),
	(420, '503419896-7', '소설', 'Regrant', 'Ermin', 'Oyoloo', 429, 6042, 'noimage.jpg', 'lobortis ligula sit amet eleifend pede libero quis orci nullam molestie nibh in lectus pellentesque at', '판매중', '2021-06-23 00:00:00', '2021-09-23 00:00:00'),
	(421, '828990160-7', '경제', 'Transcof', 'Chet', 'Dynazzy', 706, 11454, 'noimage.jpg', 'non quam nec dui luctus rutrum nulla tellus in sagittis dui vel nisl duis ac nibh fusce', '품절', '2021-09-18 00:00:00', '2021-09-23 00:00:00'),
	(422, '085616189-6', '만화', 'Ronstring', 'Corie', 'Tagfeed', 355, 26351, 'noimage.jpg', 'eu sapien cursus vestibulum proin eu mi nulla ac enim in', '절판', '2021-07-21 00:00:00', '2021-09-23 00:00:00'),
	(423, '848328929-6', '경제', 'Greenlam', 'Malorie', 'Babbleset', 200, 21990, 'noimage.jpg', 'morbi vel lectus in quam fringilla rhoncus mauris enim leo rhoncus', '절판', '2021-05-24 00:00:00', '2021-09-23 00:00:00'),
	(424, '537119115-1', '만화', 'Treeflex', 'Shanna', 'Zooveo', 686, 21343, 'noimage.jpg', 'eros viverra eget congue eget semper rutrum nulla nunc purus phasellus', '품절', '2021-09-03 00:00:00', '2021-09-23 00:00:00'),
	(425, '761195736-8', '만화', 'Trippledex', 'Staford', 'Topicstorm', 344, 6862, 'noimage.jpg', 'vitae quam suspendisse potenti nullam porttitor lacus at turpis donec', '구편절판', '2020-10-09 00:00:00', '2021-09-23 00:00:00'),
	(426, '550989468-7', '여행', 'Voyatouch', 'Edward', 'Edgeblab', 349, 5545, 'noimage.jpg', 'iaculis diam erat fermentum justo nec condimentum neque sapien placerat ante nulla', '구편절판', '2021-07-02 00:00:00', '2021-09-23 00:00:00'),
	(427, '299107587-2', '소설', 'Sonair', 'Kendal', 'Browsezoom', 934, 16835, 'noimage.jpg', 'rhoncus sed vestibulum sit amet cursus id turpis integer aliquet massa id', '품절', '2021-06-30 00:00:00', '2021-09-23 00:00:00'),
	(428, '813081159-6', '여행', 'Stringtough', 'Carmine', 'Roodel', 454, 18490, 'noimage.jpg', 'quis turpis sed ante vivamus tortor duis mattis egestas metus aenean fermentum donec ut mauris eget massa tempor convallis', '절판', '2020-12-30 00:00:00', '2021-09-23 00:00:00'),
	(429, '978034033-5', '소설', 'Y-find', 'Arda', 'Jaxspan', 283, 26809, 'noimage.jpg', 'consequat ut nulla sed accumsan felis ut at dolor quis odio consequat varius integer', '품절', '2021-03-26 00:00:00', '2021-09-23 00:00:00'),
	(430, '039168818-9', '외국어', 'Holdlamis', 'Dela', 'Realpoint', 445, 11827, 'noimage.jpg', 'ac nulla sed vel enim sit amet nunc viverra dapibus nulla suscipit ligula', '품절', '2020-12-12 00:00:00', '2021-09-23 00:00:00'),
	(431, '343415446-9', '여행', 'Temp', 'Samaria', 'Jetwire', 122, 11965, 'noimage.jpg', 'felis donec semper sapien a libero nam dui proin leo odio porttitor id consequat in consequat ut nulla sed', '구편절판', '2020-11-30 00:00:00', '2021-09-23 00:00:00'),
	(432, '716512253-2', '외국어', 'Namfix', 'Verney', 'Tanoodle', 869, 21523, 'noimage.jpg', 'quam pharetra magna ac consequat metus sapien ut nunc vestibulum ante', '품절', '2020-11-19 00:00:00', '2021-09-23 00:00:00'),
	(433, '008430625-4', '여행', 'Wrapsafe', 'Milli', 'Browsedrive', 872, 20478, 'noimage.jpg', 'congue etiam justo etiam pretium iaculis justo in hac habitasse platea dictumst etiam faucibus cursus urna ut', '품절', '2020-12-15 00:00:00', '2021-09-23 00:00:00'),
	(434, '838291490-X', '여행', 'Prodder', 'Chic', 'Youfeed', 409, 13223, 'noimage.jpg', 'aliquam augue quam sollicitudin vitae consectetuer eget rutrum at lorem integer tincidunt ante vel', '판매중', '2021-06-03 00:00:00', '2021-09-23 00:00:00'),
	(435, '517552795-9', '소설', 'Fix San', 'Sue', 'Oyope', 590, 23076, 'noimage.jpg', 'augue vestibulum rutrum rutrum neque aenean auctor gravida sem praesent', '절판', '2020-11-16 00:00:00', '2021-09-23 00:00:00'),
	(436, '308682055-1', '소설', 'Alpha', 'Bradan', 'Eazzy', 845, 9685, 'noimage.jpg', 'vivamus vestibulum sagittis sapien cum sociis natoque penatibus et magnis dis parturient montes nascetur ridiculus mus etiam vel augue vestibulum', '판매중', '2021-01-24 00:00:00', '2021-09-23 00:00:00'),
	(437, '152359372-5', '경제', 'Fixflex', 'Sandie', 'Realbuzz', 408, 15467, 'noimage.jpg', 'tortor duis mattis egestas metus aenean fermentum donec ut mauris eget massa tempor convallis nulla neque libero convallis eget eleifend', '절판', '2020-12-09 00:00:00', '2021-09-23 00:00:00'),
	(438, '217496332-9', '소설', 'Tres-Zap', 'Drake', 'Jabberstorm', 473, 25912, 'noimage.jpg', 'diam in magna bibendum imperdiet nullam orci pede venenatis non sodales sed tincidunt', '절판', '2021-07-04 00:00:00', '2021-09-23 00:00:00'),
	(439, '549612340-2', '만화', 'Cookley', 'Grayce', 'Skyba', 778, 28988, 'noimage.jpg', 'cursus id turpis integer aliquet massa id lobortis convallis tortor risus dapibus', '품절', '2021-06-03 00:00:00', '2021-09-23 00:00:00'),
	(440, '645271654-9', '소설', 'It', 'Blondell', 'Wordpedia', 901, 28381, 'noimage.jpg', 'ipsum dolor sit amet consectetuer adipiscing elit proin interdum mauris non ligula', '절판', '2021-08-30 00:00:00', '2021-09-23 00:00:00'),
	(441, '933176007-8', '만화', 'Kanlam', 'Sander', 'Wordtune', 835, 13608, 'noimage.jpg', 'aliquam erat volutpat in congue etiam justo etiam pretium iaculis justo in hac habitasse platea', '구편절판', '2020-11-23 00:00:00', '2021-09-23 00:00:00'),
	(442, '983370141-8', '경제', 'Zathin', 'Salomone', 'Twitterbridge', 130, 5784, 'noimage.jpg', 'in consequat ut nulla sed accumsan felis ut at dolor quis odio consequat varius integer ac', '절판', '2021-07-31 00:00:00', '2021-09-23 00:00:00'),
	(443, '511893481-8', '외국어', 'Span', 'Bartholemy', 'Gabcube', 528, 26364, 'noimage.jpg', 'mi integer ac neque duis bibendum morbi non quam nec dui luctus rutrum nulla', '품절', '2021-07-21 00:00:00', '2021-09-23 00:00:00'),
	(444, '777235920-9', '소설', 'Tres-Zap', 'Dorey', 'Mydo', 908, 12554, 'noimage.jpg', 'at turpis donec posuere metus vitae ipsum aliquam non mauris morbi non lectus aliquam sit amet diam in magna bibendum', '구편절판', '2021-09-02 00:00:00', '2021-09-23 00:00:00'),
	(445, '714966560-8', '소설', 'Duobam', 'Tandi', 'Aimbu', 477, 27906, 'noimage.jpg', 'at vulputate vitae nisl aenean lectus pellentesque eget nunc donec quis orci eget orci vehicula condimentum', '품절', '2021-01-26 00:00:00', '2021-09-23 00:00:00'),
	(446, '942837671-X', '경제', 'Y-find', 'Alejandrina', 'Reallinks', 429, 12670, 'noimage.jpg', 'at nibh in hac habitasse platea dictumst aliquam augue quam', '절판', '2020-12-23 00:00:00', '2021-09-23 00:00:00'),
	(447, '098499555-2', '소설', 'Daltfresh', 'Layla', 'Abata', 614, 20925, 'noimage.jpg', 'ut ultrices vel augue vestibulum ante ipsum primis in faucibus orci luctus', '품절', '2020-10-09 00:00:00', '2021-09-23 00:00:00'),
	(448, '269954985-1', '경제', 'Viva', 'Maurizia', 'Yambee', 968, 16542, 'noimage.jpg', 'lectus pellentesque eget nunc donec quis orci eget orci vehicula condimentum curabitur in libero ut massa volutpat convallis morbi odio', '절판', '2021-08-19 00:00:00', '2021-09-23 00:00:00'),
	(449, '557044280-4', '경제', 'Mat Lam Tam', 'Lory', 'Jaxnation', 474, 15009, 'noimage.jpg', 'in faucibus orci luctus et ultrices posuere cubilia curae duis', '절판', '2020-10-01 00:00:00', '2021-09-23 00:00:00'),
	(450, '944646939-2', '외국어', 'Lotlux', 'Justinn', 'Blogpad', 436, 26822, 'noimage.jpg', 'eget tempus vel pede morbi porttitor lorem id ligula suspendisse ornare consequat lectus in est risus auctor sed', '품절', '2021-02-02 00:00:00', '2021-09-23 00:00:00'),
	(451, '043363504-5', '외국어', 'Voyatouch', 'Linet', 'Riffpath', 908, 29151, 'noimage.jpg', 'pede libero quis orci nullam molestie nibh in lectus pellentesque at nulla suspendisse potenti cras in purus eu', '구편절판', '2021-06-14 00:00:00', '2021-09-23 00:00:00'),
	(452, '481293379-X', '만화', 'Ventosanzap', 'Aime', 'Photofeed', 992, 15899, 'noimage.jpg', 'eget tincidunt eget tempus vel pede morbi porttitor lorem id ligula suspendisse ornare consequat lectus', '판매중', '2021-06-17 00:00:00', '2021-09-23 00:00:00'),
	(453, '179024861-2', '소설', 'Fix San', 'Efren', 'Janyx', 650, 8375, 'noimage.jpg', 'quisque ut erat curabitur gravida nisi at nibh in hac', '판매중', '2020-12-20 00:00:00', '2021-09-23 00:00:00'),
	(454, '012848522-1', '경제', 'Y-find', 'Josh', 'Ntag', 628, 11470, 'noimage.jpg', 'nunc rhoncus dui vel sem sed sagittis nam congue risus semper porta volutpat quam pede lobortis ligula', '품절', '2021-01-11 00:00:00', '2021-09-23 00:00:00'),
	(455, '032240078-3', '여행', 'Bamity', 'Emanuele', 'Voolia', 553, 23963, 'noimage.jpg', 'proin eu mi nulla ac enim in tempor turpis nec euismod scelerisque quam turpis adipiscing lorem vitae mattis nibh ligula', '구편절판', '2020-10-06 00:00:00', '2021-09-23 00:00:00'),
	(456, '143415403-3', '여행', 'Flowdesk', 'Gail', 'Gigaclub', 159, 17614, 'noimage.jpg', 'justo in hac habitasse platea dictumst etiam faucibus cursus urna ut tellus nulla ut erat', '판매중', '2021-09-16 00:00:00', '2021-09-23 00:00:00'),
	(457, '321724878-3', '만화', 'Cardify', 'Kattie', 'Eayo', 572, 11083, 'noimage.jpg', 'est et tempus semper est quam pharetra magna ac consequat metus sapien ut nunc', '절판', '2021-03-14 00:00:00', '2021-09-23 00:00:00'),
	(458, '769827569-8', '여행', 'Biodex', 'Mort', 'Dynabox', 361, 28224, 'noimage.jpg', 'justo morbi ut odio cras mi pede malesuada in imperdiet et commodo vulputate justo in blandit ultrices enim lorem ipsum', '품절', '2020-10-02 00:00:00', '2021-09-23 00:00:00'),
	(459, '837702995-2', '소설', 'Bamity', 'Laurice', 'Fivespan', 292, 17836, 'noimage.jpg', 'amet justo morbi ut odio cras mi pede malesuada in imperdiet et commodo vulputate justo in', '품절', '2021-07-11 00:00:00', '2021-09-23 00:00:00'),
	(460, '383102533-9', '만화', 'Stronghold', 'Waldon', 'Snaptags', 780, 9778, 'noimage.jpg', 'ac diam cras pellentesque volutpat dui maecenas tristique est et tempus semper est quam pharetra magna ac consequat metus sapien', '절판', '2021-07-23 00:00:00', '2021-09-23 00:00:00'),
	(461, '724679013-6', '여행', 'Veribet', 'Rosaline', 'Tanoodle', 719, 20008, 'noimage.jpg', 'leo odio porttitor id consequat in consequat ut nulla sed accumsan felis ut at dolor quis odio consequat varius', '절판', '2020-10-10 00:00:00', '2021-09-23 00:00:00'),
	(462, '601757409-4', '여행', 'Domainer', 'Naomi', 'Zoombeat', 333, 20383, 'noimage.jpg', 'massa tempor convallis nulla neque libero convallis eget eleifend luctus ultricies eu nibh quisque', '판매중', '2021-06-20 00:00:00', '2021-09-23 00:00:00'),
	(463, '641566673-8', '소설', 'Y-Solowarm', 'Guthrie', 'Talane', 641, 24132, 'noimage.jpg', 'est risus auctor sed tristique in tempus sit amet sem fusce consequat nulla nisl nunc nisl duis', '구편절판', '2021-02-13 00:00:00', '2021-09-23 00:00:00'),
	(464, '075335448-9', '만화', 'Tampflex', 'Marilee', 'Voomm', 971, 24801, 'noimage.jpg', 'magna at nunc commodo placerat praesent blandit nam nulla integer pede justo lacinia', '품절', '2020-10-15 00:00:00', '2021-09-23 00:00:00'),
	(465, '090059082-3', '여행', 'Treeflex', 'Larine', 'Wordware', 618, 28289, 'noimage.jpg', 'sed magna at nunc commodo placerat praesent blandit nam nulla integer pede justo lacinia eget tincidunt eget tempus vel', '품절', '2021-06-29 00:00:00', '2021-09-23 00:00:00'),
	(466, '761785447-1', '외국어', 'Solarbreeze', 'Johnna', 'Voonix', 918, 26594, 'noimage.jpg', 'at vulputate vitae nisl aenean lectus pellentesque eget nunc donec quis orci eget orci vehicula condimentum curabitur', '판매중', '2021-02-28 00:00:00', '2021-09-23 00:00:00'),
	(467, '243438857-4', '외국어', 'Bitchip', 'Glendon', 'Jetpulse', 571, 9203, 'noimage.jpg', 'sollicitudin mi sit amet lobortis sapien sapien non mi integer ac neque duis', '판매중', '2020-11-26 00:00:00', '2021-09-23 00:00:00'),
	(468, '350386572-1', '소설', 'Zathin', 'Meade', 'Babbleset', 489, 9120, 'noimage.jpg', 'porttitor id consequat in consequat ut nulla sed accumsan felis', '구편절판', '2020-10-15 00:00:00', '2021-09-23 00:00:00'),
	(469, '843853850-9', '경제', 'Viva', 'Kaia', 'Thoughtblab', 474, 16681, 'noimage.jpg', 'gravida sem praesent id massa id nisl venenatis lacinia aenean sit amet justo morbi ut odio cras mi pede malesuada', '판매중', '2021-06-19 00:00:00', '2021-09-23 00:00:00'),
	(470, '677824264-7', '외국어', 'Treeflex', 'Duff', 'Rhycero', 426, 28798, 'noimage.jpg', 'scelerisque quam turpis adipiscing lorem vitae mattis nibh ligula nec sem duis aliquam convallis nunc', '절판', '2021-05-20 00:00:00', '2021-09-23 00:00:00'),
	(471, '011888055-1', '경제', 'Zontrax', 'Keven', 'Tagcat', 156, 18376, 'noimage.jpg', 'suspendisse potenti nullam porttitor lacus at turpis donec posuere metus vitae', '구편절판', '2021-05-17 00:00:00', '2021-09-23 00:00:00'),
	(472, '817880529-4', '만화', 'Sonsing', 'Thorn', 'Topdrive', 761, 10276, 'noimage.jpg', 'lacinia sapien quis libero nullam sit amet turpis elementum ligula', '절판', '2021-05-08 00:00:00', '2021-09-23 00:00:00'),
	(473, '960654022-7', '만화', 'Veribet', 'Nikos', 'Kazio', 300, 29873, 'noimage.jpg', 'pretium nisl ut volutpat sapien arcu sed augue aliquam erat volutpat in congue etiam justo etiam pretium iaculis justo', '품절', '2021-01-23 00:00:00', '2021-09-23 00:00:00'),
	(474, '026610848-2', '경제', 'Tin', 'Tomaso', 'Pixoboo', 671, 13750, 'noimage.jpg', 'eleifend luctus ultricies eu nibh quisque id justo sit amet sapien dignissim vestibulum', '품절', '2021-02-13 00:00:00', '2021-09-23 00:00:00'),
	(475, '785410982-6', '소설', 'Job', 'Gipsy', 'Mymm', 667, 23585, 'noimage.jpg', 'lacus curabitur at ipsum ac tellus semper interdum mauris ullamcorper purus', '품절', '2021-03-28 00:00:00', '2021-09-23 00:00:00'),
	(476, '475139695-1', '만화', 'Gembucket', 'Boniface', 'Wordify', 863, 27334, 'noimage.jpg', 'sit amet diam in magna bibendum imperdiet nullam orci pede venenatis non sodales sed tincidunt eu', '절판', '2021-04-22 00:00:00', '2021-09-23 00:00:00'),
	(477, '087863385-5', '경제', 'Overhold', 'Julie', 'Tazzy', 902, 12836, 'noimage.jpg', 'sem sed sagittis nam congue risus semper porta volutpat quam pede lobortis ligula sit amet eleifend pede libero quis', '절판', '2021-09-21 00:00:00', '2021-09-23 00:00:00'),
	(478, '227706985-X', '만화', 'Bitwolf', 'Jo', 'Meedoo', 192, 28641, 'noimage.jpg', 'phasellus in felis donec semper sapien a libero nam dui proin leo odio porttitor id consequat in consequat ut', '판매중', '2021-08-05 00:00:00', '2021-09-23 00:00:00'),
	(479, '040939809-8', '소설', 'Daltfresh', 'Bertrando', 'Innotype', 766, 5567, 'noimage.jpg', 'aliquam convallis nunc proin at turpis a pede posuere nonummy integer non velit donec', '판매중', '2020-11-26 00:00:00', '2021-09-23 00:00:00'),
	(480, '306040774-6', '여행', 'Bigtax', 'Clarisse', 'Linkbuzz', 903, 9819, 'noimage.jpg', 'sollicitudin mi sit amet lobortis sapien sapien non mi integer ac neque', '품절', '2021-09-15 00:00:00', '2021-09-23 00:00:00'),
	(481, '461371376-5', '만화', 'Tempsoft', 'Hollis', 'Skajo', 623, 21764, 'noimage.jpg', 'aenean lectus pellentesque eget nunc donec quis orci eget orci vehicula condimentum curabitur in libero', '구편절판', '2021-04-01 00:00:00', '2021-09-23 00:00:00'),
	(482, '174253379-5', '여행', 'Domainer', 'Karrie', 'Trilia', 607, 16405, 'noimage.jpg', 'luctus et ultrices posuere cubilia curae duis faucibus accumsan odio curabitur convallis duis consequat dui nec nisi', '판매중', '2021-03-07 00:00:00', '2021-09-23 00:00:00'),
	(483, '179733258-9', '외국어', 'Zaam-Dox', 'Gunilla', 'Zoonoodle', 693, 21732, 'noimage.jpg', 'magnis dis parturient montes nascetur ridiculus mus etiam vel augue', '절판', '2021-09-21 00:00:00', '2021-09-23 00:00:00'),
	(484, '450498790-2', '만화', 'Andalax', 'Lionello', 'Devcast', 495, 26705, 'noimage.jpg', 'eleifend donec ut dolor morbi vel lectus in quam fringilla rhoncus mauris', '품절', '2021-07-07 00:00:00', '2021-09-23 00:00:00'),
	(485, '029276561-4', '소설', 'Voltsillam', 'Augustus', 'Topicstorm', 736, 25375, 'noimage.jpg', 'bibendum imperdiet nullam orci pede venenatis non sodales sed tincidunt eu felis fusce', '품절', '2021-07-26 00:00:00', '2021-09-23 00:00:00'),
	(486, '041590096-4', '소설', 'Overhold', 'Marietta', 'Tagfeed', 706, 25060, 'noimage.jpg', 'adipiscing elit proin interdum mauris non ligula pellentesque ultrices phasellus id sapien in sapien iaculis congue vivamus metus arcu adipiscing', '구편절판', '2020-11-19 00:00:00', '2021-09-23 00:00:00'),
	(487, '981893850-X', '경제', 'Stim', 'Marla', 'Abatz', 948, 5419, 'noimage.jpg', 'ante ipsum primis in faucibus orci luctus et ultrices posuere cubilia curae duis faucibus accumsan odio', '품절', '2021-04-20 00:00:00', '2021-09-23 00:00:00'),
	(488, '206075298-1', '외국어', 'Fix San', 'Ravi', 'Roomm', 312, 5365, 'noimage.jpg', 'aliquet pulvinar sed nisl nunc rhoncus dui vel sem sed sagittis nam congue risus', '구편절판', '2021-05-12 00:00:00', '2021-09-23 00:00:00'),
	(489, '946036641-4', '외국어', 'Fixflex', 'Saidee', 'Muxo', 474, 11381, 'noimage.jpg', 'dictumst morbi vestibulum velit id pretium iaculis diam erat fermentum justo', '구편절판', '2021-09-12 00:00:00', '2021-09-23 00:00:00'),
	(490, '675251665-0', '만화', 'Holdlamis', 'Tyrus', 'Fivechat', 897, 5994, 'noimage.jpg', 'odio consequat varius integer ac leo pellentesque ultrices mattis odio donec vitae', '절판', '2021-02-21 00:00:00', '2021-09-23 00:00:00'),
	(491, '921247278-8', '소설', 'Overhold', 'Kati', 'Oyondu', 823, 15645, 'noimage.jpg', 'ultrices posuere cubilia curae duis faucibus accumsan odio curabitur convallis duis consequat dui nec nisi volutpat eleifend', '절판', '2020-12-16 00:00:00', '2021-09-23 00:00:00'),
	(492, '990739426-2', '경제', 'Bamity', 'Keane', 'Edgetag', 134, 27953, 'noimage.jpg', 'lacinia aenean sit amet justo morbi ut odio cras mi pede malesuada in imperdiet et commodo', '절판', '2020-11-05 00:00:00', '2021-09-23 00:00:00'),
	(493, '143968566-5', '여행', 'Fintone', 'Darryl', 'Twimbo', 358, 24656, 'noimage.jpg', 'metus aenean fermentum donec ut mauris eget massa tempor convallis nulla neque libero convallis eget eleifend luctus ultricies eu nibh', '구편절판', '2021-01-16 00:00:00', '2021-09-23 00:00:00'),
	(494, '092920630-4', '소설', 'Alpha', 'Leeanne', 'Quatz', 501, 7341, 'noimage.jpg', 'consequat nulla nisl nunc nisl duis bibendum felis sed interdum venenatis', '판매중', '2020-12-31 00:00:00', '2021-09-23 00:00:00'),
	(495, '887320730-8', '외국어', 'Veribet', 'Korey', 'Zazio', 668, 20253, 'noimage.jpg', 'amet cursus id turpis integer aliquet massa id lobortis convallis tortor risus dapibus augue vel accumsan', '절판', '2021-04-20 00:00:00', '2021-09-23 00:00:00'),
	(496, '381056577-6', '경제', 'Fix San', 'Hamlen', 'Youtags', 921, 22093, 'noimage.jpg', 'est lacinia nisi venenatis tristique fusce congue diam id ornare imperdiet', '판매중', '2021-03-18 00:00:00', '2021-09-23 00:00:00'),
	(497, '065380156-4', '소설', 'Konklux', 'Page', 'Snaptags', 345, 26890, 'noimage.jpg', 'sed accumsan felis ut at dolor quis odio consequat varius integer ac', '품절', '2021-03-20 00:00:00', '2021-09-23 00:00:00'),
	(498, '651817485-4', '여행', 'Stronghold', 'Lazarus', 'Eamia', 900, 22172, 'noimage.jpg', 'dui nec nisi volutpat eleifend donec ut dolor morbi vel lectus in quam fringilla', '절판', '2021-01-24 00:00:00', '2021-09-23 00:00:00'),
	(499, '243204842-3', '만화', 'Ventosanzap', 'Karmen', 'Skipstorm', 547, 9483, 'noimage.jpg', 'quis justo maecenas rhoncus aliquam lacus morbi quis tortor id nulla ultrices aliquet maecenas leo odio condimentum id luctus', '절판', '2021-04-08 00:00:00', '2021-09-23 00:00:00'),
	(500, '350379850-1', '경제', 'Konklab', 'Madeleine', 'Yombu', 442, 10107, 'noimage.jpg', 'at velit vivamus vel nulla eget eros elementum pellentesque quisque porta volutpat erat quisque erat eros', '판매중', '2021-02-07 00:00:00', '2021-09-23 00:00:00'),
	(501, '982471837-0', '소설', 'Aerified', 'Lammond', 'Camido', 887, 15238, 'noimage.jpg', 'congue elementum in hac habitasse platea dictumst morbi vestibulum velit id pretium iaculis diam erat fermentum justo nec condimentum neque', '구편절판', '2020-10-08 00:00:00', '2021-09-23 00:00:00'),
	(502, '941232571-1', '여행', 'Stronghold', 'Matthiew', 'Gigazoom', 883, 9908, 'noimage.jpg', 'dui maecenas tristique est et tempus semper est quam pharetra magna ac consequat metus sapien ut nunc vestibulum', '구편절판', '2020-11-11 00:00:00', '2021-09-23 00:00:00'),
	(503, '818756257-9', '여행', 'Zamit', 'Oliy', 'Devshare', 522, 15718, 'noimage.jpg', 'praesent id massa id nisl venenatis lacinia aenean sit amet', '품절', '2021-02-01 00:00:00', '2021-09-23 00:00:00'),
	(504, '715663801-7', '경제', 'Aerified', 'Ulises', 'Youspan', 1000, 5736, 'noimage.jpg', 'posuere nonummy integer non velit donec diam neque vestibulum eget vulputate ut', '구편절판', '2021-05-16 00:00:00', '2021-09-23 00:00:00'),
	(505, '633098919-2', '여행', 'Tresom', 'Berty', 'Meemm', 365, 15300, 'noimage.jpg', 'morbi non lectus aliquam sit amet diam in magna bibendum imperdiet nullam orci pede venenatis non sodales sed tincidunt eu', '판매중', '2021-01-27 00:00:00', '2021-09-23 00:00:00'),
	(506, '452303211-4', '경제', 'Temp', 'Cariotta', 'Feedspan', 931, 13113, 'noimage.jpg', 'interdum in ante vestibulum ante ipsum primis in faucibus orci luctus', '판매중', '2021-08-09 00:00:00', '2021-09-23 00:00:00'),
	(507, '356554175-X', '만화', 'Stringtough', 'Reagan', 'Myworks', 201, 22653, 'noimage.jpg', 'magna vestibulum aliquet ultrices erat tortor sollicitudin mi sit amet lobortis sapien sapien non mi integer ac neque', '구편절판', '2020-12-14 00:00:00', '2021-09-23 00:00:00'),
	(508, '168608205-3', '여행', 'Span', 'Domini', 'Zoombox', 462, 20151, 'noimage.jpg', 'scelerisque mauris sit amet eros suspendisse accumsan tortor quis turpis sed ante vivamus tortor duis mattis egestas metus aenean', '품절', '2021-04-16 00:00:00', '2021-09-23 00:00:00'),
	(509, '858808092-3', '경제', 'Stronghold', 'Richardo', 'Wikido', 795, 11667, 'noimage.jpg', 'turpis sed ante vivamus tortor duis mattis egestas metus aenean fermentum donec ut mauris eget massa tempor', '구편절판', '2021-01-06 00:00:00', '2021-09-23 00:00:00'),
	(510, '388214216-2', '소설', 'Subin', 'Bentlee', 'Skiba', 121, 24153, 'noimage.jpg', 'sed ante vivamus tortor duis mattis egestas metus aenean fermentum', '절판', '2021-07-26 00:00:00', '2021-09-23 00:00:00'),
	(511, '182828131-X', '경제', 'Subin', 'Marleen', 'Tazzy', 974, 15605, 'noimage.jpg', 'nulla nisl nunc nisl duis bibendum felis sed interdum venenatis turpis enim blandit mi', '구편절판', '2021-03-25 00:00:00', '2021-09-23 00:00:00'),
	(512, '714383898-5', '만화', 'Daltfresh', 'Caryn', 'Shuffletag', 392, 26286, 'noimage.jpg', 'suspendisse ornare consequat lectus in est risus auctor sed tristique in tempus sit amet sem fusce consequat nulla nisl', '구편절판', '2021-07-18 00:00:00', '2021-09-23 00:00:00'),
	(513, '312328565-0', '소설', 'Vagram', 'Chandler', 'Mybuzz', 600, 26980, 'noimage.jpg', 'enim blandit mi in porttitor pede justo eu massa donec dapibus duis at', '구편절판', '2021-05-07 00:00:00', '2021-09-23 00:00:00'),
	(514, '851447702-1', '만화', 'Stronghold', 'Adolf', 'Thoughtblab', 957, 23234, 'noimage.jpg', 'pretium iaculis diam erat fermentum justo nec condimentum neque sapien placerat ante nulla justo aliquam quis turpis eget elit sodales', '절판', '2021-02-26 00:00:00', '2021-09-23 00:00:00'),
	(515, '561088976-6', '소설', 'Bamity', 'Clyve', 'Wikizz', 439, 23462, 'noimage.jpg', 'magnis dis parturient montes nascetur ridiculus mus etiam vel augue vestibulum rutrum', '품절', '2021-04-02 00:00:00', '2021-09-23 00:00:00'),
	(516, '430453254-5', '외국어', 'Transcof', 'Caresse', 'Dynabox', 108, 27797, 'noimage.jpg', 'vulputate luctus cum sociis natoque penatibus et magnis dis parturient montes nascetur ridiculus mus vivamus vestibulum sagittis', '품절', '2021-05-07 00:00:00', '2021-09-23 00:00:00'),
	(517, '291889290-4', '여행', 'Regrant', 'Aloise', 'Abata', 402, 22974, 'noimage.jpg', 'morbi sem mauris laoreet ut rhoncus aliquet pulvinar sed nisl nunc rhoncus dui vel sem sed sagittis nam', '절판', '2020-11-19 00:00:00', '2021-09-23 00:00:00'),
	(518, '813472965-7', '소설', 'Vagram', 'Armin', 'Kaymbo', 540, 17308, 'noimage.jpg', 'risus auctor sed tristique in tempus sit amet sem fusce consequat nulla nisl nunc nisl', '판매중', '2021-05-15 00:00:00', '2021-09-23 00:00:00'),
	(519, '890980840-3', '소설', 'Fixflex', 'Ailina', 'Zoonder', 703, 27213, 'noimage.jpg', 'aliquet pulvinar sed nisl nunc rhoncus dui vel sem sed sagittis nam congue risus semper porta', '판매중', '2021-03-24 00:00:00', '2021-09-23 00:00:00'),
	(520, '571607806-0', '외국어', 'Stim', 'Georges', 'Realcube', 700, 16577, 'noimage.jpg', 'id ligula suspendisse ornare consequat lectus in est risus auctor sed tristique in tempus sit amet', '절판', '2021-04-16 00:00:00', '2021-09-23 00:00:00'),
	(521, '929209297-9', '외국어', 'Konklux', 'Matthew', 'Tekfly', 451, 12612, 'noimage.jpg', 'congue risus semper porta volutpat quam pede lobortis ligula sit amet eleifend pede libero quis orci nullam molestie nibh in', '구편절판', '2021-02-16 00:00:00', '2021-09-23 00:00:00'),
	(522, '789800429-9', '외국어', 'Andalax', 'Agata', 'Mybuzz', 970, 11370, 'noimage.jpg', 'condimentum curabitur in libero ut massa volutpat convallis morbi odio odio elementum eu interdum eu tincidunt in leo maecenas', '판매중', '2020-12-25 00:00:00', '2021-09-23 00:00:00'),
	(523, '495908456-1', '소설', 'Ventosanzap', 'Elane', 'Jaxspan', 589, 8611, 'noimage.jpg', 'parturient montes nascetur ridiculus mus vivamus vestibulum sagittis sapien cum sociis natoque penatibus et magnis', '절판', '2021-01-15 00:00:00', '2021-09-23 00:00:00'),
	(524, '143227455-4', '여행', 'Matsoft', 'Celestina', 'Devify', 333, 13532, 'noimage.jpg', 'platea dictumst maecenas ut massa quis augue luctus tincidunt nulla mollis molestie lorem quisque ut erat curabitur gravida nisi at', '판매중', '2021-08-23 00:00:00', '2021-09-23 00:00:00'),
	(525, '456951273-9', '소설', 'Zamit', 'Isabelita', 'Browsebug', 703, 26795, 'noimage.jpg', 'adipiscing elit proin interdum mauris non ligula pellentesque ultrices phasellus id sapien in', '구편절판', '2021-08-20 00:00:00', '2021-09-23 00:00:00'),
	(526, '589451166-6', '외국어', 'Voyatouch', 'Kinna', 'Trilith', 746, 17478, 'noimage.jpg', 'morbi vel lectus in quam fringilla rhoncus mauris enim leo rhoncus sed vestibulum sit amet cursus id turpis', '구편절판', '2021-02-16 00:00:00', '2021-09-23 00:00:00'),
	(527, '617547661-1', '소설', 'Mat Lam Tam', 'Erena', 'Babblestorm', 672, 19822, 'noimage.jpg', 'praesent blandit nam nulla integer pede justo lacinia eget tincidunt eget tempus vel pede morbi', '절판', '2021-05-22 00:00:00', '2021-09-23 00:00:00'),
	(528, '695948588-6', '여행', 'Wrapsafe', 'Tim', 'Youspan', 621, 27445, 'noimage.jpg', 'convallis morbi odio odio elementum eu interdum eu tincidunt in leo maecenas pulvinar lobortis est', '절판', '2021-02-26 00:00:00', '2021-09-23 00:00:00'),
	(529, '598699620-8', '여행', 'It', 'Rees', 'Gabvine', 684, 16008, 'noimage.jpg', 'accumsan tortor quis turpis sed ante vivamus tortor duis mattis egestas metus aenean fermentum donec ut mauris', '품절', '2021-04-11 00:00:00', '2021-09-23 00:00:00'),
	(530, '804461518-0', '경제', 'Konklux', 'Charmine', 'Thoughtbridge', 350, 25942, 'noimage.jpg', 'justo aliquam quis turpis eget elit sodales scelerisque mauris sit amet eros suspendisse', '품절', '2021-01-02 00:00:00', '2021-09-23 00:00:00'),
	(531, '855618193-7', '소설', 'Cookley', 'Ragnar', 'Ooba', 746, 21839, 'noimage.jpg', 'vitae nisi nam ultrices libero non mattis pulvinar nulla pede ullamcorper augue a suscipit nulla elit ac nulla sed', '판매중', '2021-02-23 00:00:00', '2021-09-23 00:00:00'),
	(532, '926184463-4', '만화', 'Keylex', 'Archie', 'Kazu', 143, 29108, 'noimage.jpg', 'nam ultrices libero non mattis pulvinar nulla pede ullamcorper augue a suscipit nulla elit ac nulla sed', '판매중', '2021-05-16 00:00:00', '2021-09-23 00:00:00'),
	(533, '018064797-0', '만화', 'Ronstring', 'Basilius', 'Dazzlesphere', 450, 7081, 'noimage.jpg', 'integer tincidunt ante vel ipsum praesent blandit lacinia erat vestibulum sed magna at', '품절', '2021-07-28 00:00:00', '2021-09-23 00:00:00'),
	(534, '982126652-5', '경제', 'Hatity', 'Umberto', 'Edgeblab', 735, 10657, 'noimage.jpg', 'nunc nisl duis bibendum felis sed interdum venenatis turpis enim blandit mi in porttitor', '판매중', '2021-06-13 00:00:00', '2021-09-23 00:00:00'),
	(535, '687073973-0', '경제', 'Domainer', 'Clywd', 'Jabbercube', 362, 19036, 'noimage.jpg', 'odio condimentum id luctus nec molestie sed justo pellentesque viverra pede ac diam cras pellentesque volutpat dui', '품절', '2021-07-13 00:00:00', '2021-09-23 00:00:00'),
	(536, '649639005-3', '여행', 'Trippledex', 'Eleanore', 'Tagfeed', 383, 22585, 'noimage.jpg', 'ultrices phasellus id sapien in sapien iaculis congue vivamus metus arcu adipiscing molestie hendrerit at vulputate vitae', '구편절판', '2021-09-20 00:00:00', '2021-09-23 00:00:00'),
	(537, '477732407-9', '만화', 'Viva', 'Vail', 'Katz', 342, 14200, 'noimage.jpg', 'tortor risus dapibus augue vel accumsan tellus nisi eu orci mauris lacinia sapien quis libero', '판매중', '2021-06-10 00:00:00', '2021-09-23 00:00:00'),
	(538, '164469958-3', '외국어', 'Sonsing', 'Tracie', 'Twitterbridge', 172, 22194, 'noimage.jpg', 'eu sapien cursus vestibulum proin eu mi nulla ac enim in tempor turpis nec euismod scelerisque', '품절', '2021-01-04 00:00:00', '2021-09-23 00:00:00'),
	(539, '819988321-9', '만화', 'Viva', 'Sharl', 'Jabbertype', 859, 16564, 'noimage.jpg', 'erat quisque erat eros viverra eget congue eget semper rutrum nulla nunc', '판매중', '2020-10-11 00:00:00', '2021-09-23 00:00:00'),
	(540, '386934866-6', '만화', 'Cardguard', 'Gregoor', 'Meedoo', 133, 5012, 'noimage.jpg', 'quis odio consequat varius integer ac leo pellentesque ultrices mattis odio donec vitae nisi nam ultrices', '구편절판', '2021-01-24 00:00:00', '2021-09-23 00:00:00'),
	(541, '426919680-7', '소설', 'Zamit', 'Ian', 'Photobug', 558, 10303, 'noimage.jpg', 'quam turpis adipiscing lorem vitae mattis nibh ligula nec sem duis aliquam convallis nunc proin', '판매중', '2021-09-08 00:00:00', '2021-09-23 00:00:00'),
	(542, '067133509-X', '소설', 'Asoka', 'Camile', 'Topicware', 811, 13869, 'noimage.jpg', 'suscipit ligula in lacus curabitur at ipsum ac tellus semper interdum mauris ullamcorper purus sit', '판매중', '2021-06-09 00:00:00', '2021-09-23 00:00:00'),
	(543, '119693821-0', '경제', 'Ronstring', 'Huey', 'Jatri', 458, 6659, 'noimage.jpg', 'magna bibendum imperdiet nullam orci pede venenatis non sodales sed tincidunt eu felis fusce', '품절', '2020-11-23 00:00:00', '2021-09-23 00:00:00'),
	(544, '753489751-3', '소설', 'Opela', 'Pam', 'Vitz', 964, 20618, 'noimage.jpg', 'libero convallis eget eleifend luctus ultricies eu nibh quisque id justo sit amet sapien dignissim vestibulum vestibulum ante ipsum primis', '절판', '2021-09-20 00:00:00', '2021-09-23 00:00:00'),
	(545, '771268925-3', '경제', 'Zathin', 'Euphemia', 'Leexo', 799, 26466, 'noimage.jpg', 'sed magna at nunc commodo placerat praesent blandit nam nulla integer pede justo', '판매중', '2021-04-13 00:00:00', '2021-09-23 00:00:00'),
	(546, '998612727-0', '만화', 'Stringtough', 'Tansy', 'Gabcube', 396, 11903, 'noimage.jpg', 'lacinia nisi venenatis tristique fusce congue diam id ornare imperdiet sapien urna pretium nisl ut volutpat', '구편절판', '2021-02-07 00:00:00', '2021-09-23 00:00:00'),
	(547, '361393108-7', '만화', 'Toughjoyfax', 'Katharina', 'Browseblab', 716, 10611, 'noimage.jpg', 'pede posuere nonummy integer non velit donec diam neque vestibulum eget vulputate ut ultrices vel augue vestibulum', '절판', '2020-10-20 00:00:00', '2021-09-23 00:00:00'),
	(548, '284227284-6', '여행', 'Wrapsafe', 'Jacklin', 'Kimia', 977, 14461, 'noimage.jpg', 'diam vitae quam suspendisse potenti nullam porttitor lacus at turpis donec posuere metus vitae ipsum', '품절', '2021-03-21 00:00:00', '2021-09-23 00:00:00'),
	(549, '131483348-0', '소설', 'Voltsillam', 'Nevil', 'Yodel', 727, 21445, 'noimage.jpg', 'et ultrices posuere cubilia curae donec pharetra magna vestibulum aliquet ultrices erat tortor sollicitudin mi sit amet lobortis sapien', '절판', '2020-11-22 00:00:00', '2021-09-23 00:00:00'),
	(550, '773684387-2', '소설', 'Quo Lux', 'Min', 'Eimbee', 868, 26959, 'noimage.jpg', 'nisl duis bibendum felis sed interdum venenatis turpis enim blandit mi in porttitor pede', '품절', '2021-08-18 00:00:00', '2021-09-23 00:00:00'),
	(551, '865646166-4', '외국어', 'Domainer', 'Genna', 'Leenti', 426, 20883, 'noimage.jpg', 'massa quis augue luctus tincidunt nulla mollis molestie lorem quisque ut erat curabitur gravida nisi at', '품절', '2021-04-03 00:00:00', '2021-09-23 00:00:00'),
	(552, '899408678-1', '외국어', 'Latlux', 'Waverly', 'Shufflester', 843, 20988, 'noimage.jpg', 'interdum in ante vestibulum ante ipsum primis in faucibus orci luctus et ultrices posuere cubilia curae duis faucibus accumsan odio', '품절', '2021-01-02 00:00:00', '2021-09-23 00:00:00'),
	(553, '365223796-X', '소설', 'Lotlux', 'Susie', 'Abata', 809, 11243, 'noimage.jpg', 'in felis eu sapien cursus vestibulum proin eu mi nulla ac enim in tempor turpis nec', '구편절판', '2020-12-06 00:00:00', '2021-09-23 00:00:00'),
	(554, '990076515-X', '외국어', 'Sub-Ex', 'Kerry', 'Skimia', 802, 19582, 'noimage.jpg', 'nascetur ridiculus mus vivamus vestibulum sagittis sapien cum sociis natoque penatibus et magnis dis parturient montes nascetur', '판매중', '2021-07-09 00:00:00', '2021-09-23 00:00:00'),
	(555, '742168800-5', '만화', 'Fixflex', 'Tootsie', 'Rhynyx', 254, 20562, 'noimage.jpg', 'ultrices posuere cubilia curae donec pharetra magna vestibulum aliquet ultrices erat tortor', '구편절판', '2021-08-02 00:00:00', '2021-09-23 00:00:00'),
	(556, '616952423-5', '여행', 'Mat Lam Tam', 'Ginni', 'Dabjam', 842, 9712, 'noimage.jpg', 'in faucibus orci luctus et ultrices posuere cubilia curae duis faucibus', '판매중', '2021-09-13 00:00:00', '2021-09-23 00:00:00'),
	(557, '272582279-3', '소설', 'Fix San', 'Gloria', 'Rhynyx', 442, 21844, 'noimage.jpg', 'in hac habitasse platea dictumst maecenas ut massa quis augue luctus tincidunt nulla mollis molestie lorem', '판매중', '2021-04-28 00:00:00', '2021-09-23 00:00:00'),
	(558, '284568447-9', '외국어', 'Sonsing', 'Marge', 'Geba', 402, 8658, 'noimage.jpg', 'tellus nisi eu orci mauris lacinia sapien quis libero nullam sit amet turpis', '판매중', '2021-03-28 00:00:00', '2021-09-23 00:00:00'),
	(559, '650626971-5', '경제', 'Y-find', 'Irene', 'Tagtune', 415, 15596, 'noimage.jpg', 'varius nulla facilisi cras non velit nec nisi vulputate nonummy maecenas tincidunt lacus at velit vivamus vel nulla', '구편절판', '2021-01-16 00:00:00', '2021-09-23 00:00:00'),
	(560, '058937398-6', '외국어', 'Gembucket', 'Glennie', 'Topicshots', 379, 28920, 'noimage.jpg', 'posuere cubilia curae duis faucibus accumsan odio curabitur convallis duis consequat dui nec nisi volutpat eleifend donec ut dolor', '절판', '2021-08-14 00:00:00', '2021-09-23 00:00:00'),
	(561, '164042200-5', '외국어', 'Bitchip', 'Federica', 'Zoomlounge', 953, 10459, 'noimage.jpg', 'molestie nibh in lectus pellentesque at nulla suspendisse potenti cras in purus', '판매중', '2021-04-10 00:00:00', '2021-09-23 00:00:00'),
	(562, '577700353-2', '경제', 'Redhold', 'Godwin', 'Leenti', 583, 13043, 'noimage.jpg', 'imperdiet et commodo vulputate justo in blandit ultrices enim lorem', '구편절판', '2021-02-28 00:00:00', '2021-09-23 00:00:00'),
	(563, '000928329-3', '외국어', 'Home Ing', 'Aldric', 'Aivee', 898, 10145, 'noimage.jpg', 'ultrices enim lorem ipsum dolor sit amet consectetuer adipiscing elit proin interdum mauris non ligula pellentesque', '판매중', '2021-07-05 00:00:00', '2021-09-23 00:00:00'),
	(564, '842008522-7', '경제', 'Stronghold', 'Velma', 'Vidoo', 532, 18996, 'noimage.jpg', 'odio porttitor id consequat in consequat ut nulla sed accumsan felis ut at', '구편절판', '2021-01-11 00:00:00', '2021-09-23 00:00:00'),
	(565, '382319125-X', '만화', 'Vagram', 'Chancey', 'Voolith', 736, 6397, 'noimage.jpg', 'elit proin interdum mauris non ligula pellentesque ultrices phasellus id sapien in', '품절', '2021-05-07 00:00:00', '2021-09-23 00:00:00'),
	(566, '922645942-8', '만화', 'Redhold', 'Grantley', 'Topicstorm', 600, 17455, 'noimage.jpg', 'tincidunt eget tempus vel pede morbi porttitor lorem id ligula suspendisse ornare consequat lectus in est risus auctor sed', '구편절판', '2021-04-25 00:00:00', '2021-09-23 00:00:00'),
	(567, '134577361-7', '외국어', 'Y-Solowarm', 'Tandy', 'Rooxo', 318, 17409, 'noimage.jpg', 'nulla neque libero convallis eget eleifend luctus ultricies eu nibh quisque id justo sit', '절판', '2021-06-09 00:00:00', '2021-09-23 00:00:00'),
	(568, '075816772-5', '외국어', 'Andalax', 'Rabbi', 'Eazzy', 344, 11860, 'noimage.jpg', 'ligula nec sem duis aliquam convallis nunc proin at turpis a', '구편절판', '2020-12-28 00:00:00', '2021-09-23 00:00:00'),
	(569, '579147722-8', '여행', 'Solarbreeze', 'Darby', 'Meedoo', 307, 7728, 'noimage.jpg', 'aliquet at feugiat non pretium quis lectus suspendisse potenti in eleifend quam a odio in hac habitasse platea dictumst', '판매중', '2021-04-10 00:00:00', '2021-09-23 00:00:00'),
	(570, '349805925-4', '여행', 'Latlux', 'Dalenna', 'Demivee', 140, 24363, 'noimage.jpg', 'rutrum nulla nunc purus phasellus in felis donec semper sapien a libero nam dui proin leo odio porttitor', '품절', '2020-10-14 00:00:00', '2021-09-23 00:00:00'),
	(571, '941687796-4', '경제', 'Domainer', 'Willa', 'Bubbletube', 313, 22590, 'noimage.jpg', 'a pede posuere nonummy integer non velit donec diam neque vestibulum eget vulputate ut ultrices', '절판', '2021-08-12 00:00:00', '2021-09-23 00:00:00'),
	(572, '061154035-5', '외국어', 'Toughjoyfax', 'Morgen', 'Photojam', 371, 20826, 'noimage.jpg', 'cubilia curae mauris viverra diam vitae quam suspendisse potenti nullam porttitor lacus at turpis donec', '구편절판', '2020-11-18 00:00:00', '2021-09-23 00:00:00'),
	(573, '313277011-6', '여행', 'Tresom', 'Joseph', 'Jabbersphere', 764, 13706, 'noimage.jpg', 'volutpat quam pede lobortis ligula sit amet eleifend pede libero quis orci nullam molestie nibh in lectus pellentesque', '판매중', '2021-01-18 00:00:00', '2021-09-23 00:00:00'),
	(574, '875936995-7', '외국어', 'Gembucket', 'Damiano', 'Eazzy', 255, 9765, 'noimage.jpg', 'vitae consectetuer eget rutrum at lorem integer tincidunt ante vel', '판매중', '2021-09-07 00:00:00', '2021-09-23 00:00:00'),
	(575, '087525390-3', '경제', 'Treeflex', 'Alfreda', 'Skinix', 993, 15329, 'noimage.jpg', 'congue elementum in hac habitasse platea dictumst morbi vestibulum velit', '품절', '2021-03-13 00:00:00', '2021-09-23 00:00:00'),
	(576, '883010619-4', '여행', 'Ventosanzap', 'Almire', 'Meevee', 562, 24914, 'noimage.jpg', 'maecenas ut massa quis augue luctus tincidunt nulla mollis molestie lorem quisque ut erat curabitur gravida nisi at', '판매중', '2021-09-05 00:00:00', '2021-09-23 00:00:00'),
	(577, '475249831-6', '만화', 'Toughjoyfax', 'Ahmad', 'Zoonoodle', 445, 29772, 'noimage.jpg', 'ut nulla sed accumsan felis ut at dolor quis odio consequat varius integer ac leo', '판매중', '2021-04-29 00:00:00', '2021-09-23 00:00:00'),
	(578, '811364126-2', '소설', 'Fixflex', 'Darcey', 'Flipstorm', 385, 14684, 'noimage.jpg', 'rutrum at lorem integer tincidunt ante vel ipsum praesent blandit lacinia erat vestibulum sed magna at nunc commodo placerat praesent', '구편절판', '2021-09-04 00:00:00', '2021-09-23 00:00:00'),
	(579, '858385358-4', '소설', 'It', 'Alejoa', 'Bluezoom', 265, 27575, 'noimage.jpg', 'lorem id ligula suspendisse ornare consequat lectus in est risus auctor sed tristique in tempus sit amet sem fusce consequat', '절판', '2021-03-27 00:00:00', '2021-09-23 00:00:00'),
	(580, '387003677-X', '여행', 'Konklab', 'Riva', 'InnoZ', 557, 18246, 'noimage.jpg', 'interdum venenatis turpis enim blandit mi in porttitor pede justo eu massa donec dapibus duis at', '절판', '2021-08-09 00:00:00', '2021-09-23 00:00:00'),
	(581, '829544580-4', '소설', 'Holdlamis', 'Roobbie', 'Photobug', 651, 26508, 'noimage.jpg', 'dis parturient montes nascetur ridiculus mus vivamus vestibulum sagittis sapien', '품절', '2020-10-22 00:00:00', '2021-09-23 00:00:00'),
	(582, '090493076-9', '외국어', 'Rank', 'Laryssa', 'Jaxspan', 545, 5129, 'noimage.jpg', 'donec odio justo sollicitudin ut suscipit a feugiat et eros vestibulum', '품절', '2020-11-03 00:00:00', '2021-09-23 00:00:00'),
	(583, '113615055-2', '소설', 'Span', 'Corine', 'Gevee', 607, 11381, 'noimage.jpg', 'scelerisque mauris sit amet eros suspendisse accumsan tortor quis turpis sed ante vivamus tortor', '구편절판', '2020-10-24 00:00:00', '2021-09-23 00:00:00'),
	(584, '681716593-8', '외국어', 'Veribet', 'Garvy', 'Realmix', 819, 17097, 'noimage.jpg', 'natoque penatibus et magnis dis parturient montes nascetur ridiculus mus etiam vel augue vestibulum rutrum rutrum neque aenean auctor', '구편절판', '2021-06-02 00:00:00', '2021-09-23 00:00:00'),
	(585, '150427909-3', '소설', 'Viva', 'Gradeigh', 'Eimbee', 865, 25848, 'noimage.jpg', 'sapien cum sociis natoque penatibus et magnis dis parturient montes nascetur ridiculus mus', '구편절판', '2020-12-11 00:00:00', '2021-09-23 00:00:00'),
	(586, '288503383-5', '외국어', 'Zaam-Dox', 'Kean', 'Gigabox', 818, 25450, 'noimage.jpg', 'nulla mollis molestie lorem quisque ut erat curabitur gravida nisi at nibh in hac habitasse platea dictumst aliquam augue quam', '품절', '2021-03-17 00:00:00', '2021-09-23 00:00:00'),
	(587, '132552129-9', '여행', 'Y-Solowarm', 'Ring', 'Buzzster', 191, 5426, 'noimage.jpg', 'enim leo rhoncus sed vestibulum sit amet cursus id turpis integer aliquet massa id lobortis convallis tortor risus dapibus augue', '구편절판', '2021-02-16 00:00:00', '2021-09-23 00:00:00'),
	(588, '669046400-8', '외국어', 'Trippledex', 'Bunnie', 'Vipe', 290, 9383, 'noimage.jpg', 'augue quam sollicitudin vitae consectetuer eget rutrum at lorem integer tincidunt ante vel ipsum praesent', '품절', '2021-09-06 00:00:00', '2021-09-23 00:00:00'),
	(589, '099429650-9', '경제', 'Flexidy', 'Nerte', 'Thoughtblab', 300, 26866, 'noimage.jpg', 'pulvinar nulla pede ullamcorper augue a suscipit nulla elit ac nulla', '절판', '2021-09-11 00:00:00', '2021-09-23 00:00:00'),
	(590, '516536361-9', '외국어', 'Sonair', 'Orelie', 'Gabvine', 608, 29286, 'noimage.jpg', 'potenti in eleifend quam a odio in hac habitasse platea dictumst maecenas ut massa quis augue luctus tincidunt nulla mollis', '구편절판', '2021-04-12 00:00:00', '2021-09-23 00:00:00'),
	(591, '077496028-0', '소설', 'Namfix', 'Lee', 'Flashspan', 953, 7441, 'noimage.jpg', 'eu felis fusce posuere felis sed lacus morbi sem mauris laoreet ut rhoncus aliquet pulvinar sed', '구편절판', '2021-01-26 00:00:00', '2021-09-23 00:00:00'),
	(592, '900682092-X', '경제', 'Trippledex', 'Langsdon', 'Quimba', 555, 15301, 'noimage.jpg', 'eget eleifend luctus ultricies eu nibh quisque id justo sit amet sapien', '절판', '2021-05-18 00:00:00', '2021-09-23 00:00:00'),
	(593, '069789403-7', '경제', 'Job', 'Filbert', 'Edgetag', 102, 22919, 'noimage.jpg', 'congue risus semper porta volutpat quam pede lobortis ligula sit amet eleifend pede libero quis orci nullam molestie', '절판', '2020-10-06 00:00:00', '2021-09-23 00:00:00'),
	(594, '683848736-5', '만화', 'Bamity', 'Tyler', 'Npath', 366, 10477, 'noimage.jpg', 'quam a odio in hac habitasse platea dictumst maecenas ut massa quis augue luctus', '판매중', '2020-10-23 00:00:00', '2021-09-23 00:00:00'),
	(595, '102720553-4', '경제', 'Job', 'Nadiya', 'Jaxworks', 914, 16415, 'noimage.jpg', 'hac habitasse platea dictumst maecenas ut massa quis augue luctus tincidunt nulla mollis molestie lorem quisque ut erat', '절판', '2021-05-11 00:00:00', '2021-09-23 00:00:00'),
	(596, '216829081-4', '소설', 'Zamit', 'Roley', 'Topicshots', 688, 19305, 'noimage.jpg', 'sit amet consectetuer adipiscing elit proin risus praesent lectus vestibulum quam sapien', '품절', '2020-11-25 00:00:00', '2021-09-23 00:00:00'),
	(597, '730065730-3', '외국어', 'Viva', 'Quintilla', 'Devcast', 407, 26969, 'noimage.jpg', 'libero nullam sit amet turpis elementum ligula vehicula consequat morbi a ipsum integer a nibh in quis justo maecenas', '품절', '2020-10-10 00:00:00', '2021-09-23 00:00:00'),
	(598, '802010842-4', '소설', 'Biodex', 'Garret', 'Skyba', 927, 28410, 'noimage.jpg', 'eget eleifend luctus ultricies eu nibh quisque id justo sit amet sapien dignissim vestibulum', '판매중', '2021-03-11 00:00:00', '2021-09-23 00:00:00'),
	(599, '230640289-2', '만화', 'Bamity', 'Giacinta', 'Flashset', 178, 22222, 'noimage.jpg', 'praesent blandit nam nulla integer pede justo lacinia eget tincidunt', '판매중', '2020-10-20 00:00:00', '2021-09-23 00:00:00'),
	(600, '379018638-4', '만화', 'Namfix', 'Cally', 'Blognation', 693, 6036, 'noimage.jpg', 'praesent blandit nam nulla integer pede justo lacinia eget tincidunt eget tempus vel pede', '절판', '2021-03-11 00:00:00', '2021-09-23 00:00:00'),
	(601, '412011081-8', '경제', 'Redhold', 'Milicent', 'Quire', 117, 24595, 'noimage.jpg', 'donec ut dolor morbi vel lectus in quam fringilla rhoncus mauris enim leo rhoncus sed vestibulum sit amet cursus', '품절', '2021-08-30 00:00:00', '2021-09-23 00:00:00'),
	(602, '458912522-6', '경제', 'Fintone', 'Winthrop', 'Roombo', 349, 8358, 'noimage.jpg', 'posuere cubilia curae nulla dapibus dolor vel est donec odio justo sollicitudin ut suscipit a feugiat et', '절판', '2020-11-26 00:00:00', '2021-09-23 00:00:00'),
	(603, '769039970-3', '외국어', 'Gembucket', 'Opalina', 'Tanoodle', 921, 26054, 'noimage.jpg', 'eleifend donec ut dolor morbi vel lectus in quam fringilla rhoncus mauris enim leo rhoncus sed vestibulum sit', '품절', '2020-10-08 00:00:00', '2021-09-23 00:00:00'),
	(604, '901161940-4', '소설', 'Y-find', 'Hurlee', 'Yozio', 926, 10097, 'noimage.jpg', 'condimentum curabitur in libero ut massa volutpat convallis morbi odio odio elementum eu interdum eu', '구편절판', '2021-07-07 00:00:00', '2021-09-23 00:00:00'),
	(605, '835781072-1', '경제', 'Namfix', 'Carlos', 'Oyoyo', 334, 19705, 'noimage.jpg', 'leo pellentesque ultrices mattis odio donec vitae nisi nam ultrices libero non mattis pulvinar nulla pede ullamcorper augue a', '판매중', '2020-11-02 00:00:00', '2021-09-23 00:00:00'),
	(606, '652592075-2', '외국어', 'Fixflex', 'Sayers', 'Fiveclub', 740, 22000, 'noimage.jpg', 'pede justo eu massa donec dapibus duis at velit eu est congue elementum in hac habitasse platea dictumst', '품절', '2020-12-28 00:00:00', '2021-09-23 00:00:00'),
	(607, '495927665-7', '만화', 'Namfix', 'Nariko', 'Eamia', 116, 10598, 'noimage.jpg', 'blandit ultrices enim lorem ipsum dolor sit amet consectetuer adipiscing elit proin interdum mauris non ligula', '판매중', '2020-10-06 00:00:00', '2021-09-23 00:00:00'),
	(608, '081016216-4', '만화', 'Bytecard', 'Orson', 'Twitterwire', 957, 7800, 'noimage.jpg', 'id ligula suspendisse ornare consequat lectus in est risus auctor sed tristique in tempus sit amet', '구편절판', '2021-06-20 00:00:00', '2021-09-23 00:00:00'),
	(609, '936837411-2', '만화', 'Asoka', 'Allie', 'Skipstorm', 989, 16599, 'noimage.jpg', 'elementum in hac habitasse platea dictumst morbi vestibulum velit id pretium iaculis diam erat fermentum justo nec condimentum neque sapien', '구편절판', '2021-01-09 00:00:00', '2021-09-23 00:00:00'),
	(610, '735096776-4', '여행', 'Zamit', 'Stacie', 'Rooxo', 984, 28579, 'noimage.jpg', 'ut at dolor quis odio consequat varius integer ac leo pellentesque', '품절', '2021-08-13 00:00:00', '2021-09-23 00:00:00'),
	(611, '037553426-1', '소설', 'Y-find', 'Charlena', 'Yambee', 959, 15915, 'noimage.jpg', 'diam vitae quam suspendisse potenti nullam porttitor lacus at turpis donec posuere metus vitae ipsum aliquam', '판매중', '2021-07-07 00:00:00', '2021-09-23 00:00:00'),
	(612, '832145693-6', '여행', 'Duobam', 'Kellby', 'Thoughtworks', 208, 24384, 'noimage.jpg', 'magna bibendum imperdiet nullam orci pede venenatis non sodales sed', '품절', '2020-11-07 00:00:00', '2021-09-23 00:00:00'),
	(613, '690108684-9', '경제', 'Fintone', 'Tuckie', 'Eare', 916, 9454, 'noimage.jpg', 'eros vestibulum ac est lacinia nisi venenatis tristique fusce congue diam id ornare imperdiet sapien urna pretium nisl ut', '구편절판', '2021-04-01 00:00:00', '2021-09-23 00:00:00'),
	(614, '901434822-3', '경제', 'Trippledex', 'Meryl', 'Topdrive', 910, 25222, 'noimage.jpg', 'justo sollicitudin ut suscipit a feugiat et eros vestibulum ac est', '절판', '2021-04-25 00:00:00', '2021-09-23 00:00:00'),
	(615, '634613277-6', '경제', 'Cookley', 'Selina', 'Devify', 612, 26741, 'noimage.jpg', 'massa donec dapibus duis at velit eu est congue elementum', '판매중', '2021-04-11 00:00:00', '2021-09-23 00:00:00'),
	(616, '241805172-2', '여행', 'Prodder', 'Martina', 'Flashspan', 307, 22883, 'noimage.jpg', 'vestibulum eget vulputate ut ultrices vel augue vestibulum ante ipsum', '절판', '2020-09-26 00:00:00', '2021-09-23 00:00:00'),
	(617, '437884837-6', '소설', 'Duobam', 'Yuma', 'Voonder', 964, 11671, 'noimage.jpg', 'vitae quam suspendisse potenti nullam porttitor lacus at turpis donec posuere metus vitae ipsum', '구편절판', '2020-10-02 00:00:00', '2021-09-23 00:00:00'),
	(618, '563570156-6', '외국어', 'Latlux', 'Sascha', 'Buzzster', 379, 17460, 'noimage.jpg', 'donec posuere metus vitae ipsum aliquam non mauris morbi non lectus', '품절', '2020-11-01 00:00:00', '2021-09-23 00:00:00'),
	(619, '552594603-3', '외국어', 'Domainer', 'Rogers', 'Zoomlounge', 663, 27388, 'noimage.jpg', 'ante ipsum primis in faucibus orci luctus et ultrices posuere', '판매중', '2021-03-17 00:00:00', '2021-09-23 00:00:00'),
	(620, '748107636-7', '여행', 'Daltfresh', 'Kathrine', 'Topicstorm', 897, 27705, 'noimage.jpg', 'nulla neque libero convallis eget eleifend luctus ultricies eu nibh quisque id justo sit amet sapien', '절판', '2021-08-14 00:00:00', '2021-09-23 00:00:00'),
	(621, '996989889-2', '만화', 'Sub-Ex', 'Jillene', 'Devshare', 392, 26322, 'noimage.jpg', 'amet consectetuer adipiscing elit proin interdum mauris non ligula pellentesque ultrices phasellus id', '판매중', '2021-02-28 00:00:00', '2021-09-23 00:00:00'),
	(622, '325189724-1', '소설', 'Span', 'Sigvard', 'Realfire', 828, 19109, 'noimage.jpg', 'et tempus semper est quam pharetra magna ac consequat metus sapien ut', '절판', '2021-04-16 00:00:00', '2021-09-23 00:00:00'),
	(623, '620494923-3', '여행', 'Trippledex', 'Kellyann', 'Zoonder', 442, 13015, 'noimage.jpg', 'vestibulum ante ipsum primis in faucibus orci luctus et ultrices posuere cubilia curae donec pharetra magna vestibulum aliquet', '구편절판', '2021-06-01 00:00:00', '2021-09-23 00:00:00'),
	(624, '535654416-2', '여행', 'Cardify', 'Tiphani', 'Yakidoo', 144, 19449, 'noimage.jpg', 'nisi eu orci mauris lacinia sapien quis libero nullam sit amet', '품절', '2021-08-06 00:00:00', '2021-09-23 00:00:00'),
	(625, '842302089-4', '경제', 'Cardguard', 'Revkah', 'Feedspan', 801, 20779, 'noimage.jpg', 'lacus morbi sem mauris laoreet ut rhoncus aliquet pulvinar sed nisl nunc rhoncus dui vel sem sed sagittis nam', '구편절판', '2021-01-16 00:00:00', '2021-09-23 00:00:00'),
	(626, '919613413-5', '소설', 'Zaam-Dox', 'Ulric', 'Jayo', 127, 12755, 'noimage.jpg', 'cursus vestibulum proin eu mi nulla ac enim in tempor turpis nec euismod scelerisque quam turpis adipiscing', '구편절판', '2020-11-13 00:00:00', '2021-09-23 00:00:00'),
	(627, '284220459-X', '만화', 'Domainer', 'Faith', 'Centidel', 527, 7400, 'noimage.jpg', 'vestibulum ante ipsum primis in faucibus orci luctus et ultrices posuere cubilia', '절판', '2020-11-14 00:00:00', '2021-09-23 00:00:00'),
	(628, '619805890-5', '만화', 'Konklab', 'Edmon', 'Midel', 287, 6607, 'noimage.jpg', 'scelerisque mauris sit amet eros suspendisse accumsan tortor quis turpis', '절판', '2020-11-27 00:00:00', '2021-09-23 00:00:00'),
	(629, '047652748-1', '만화', 'Domainer', 'Thayne', 'Agivu', 417, 14195, 'noimage.jpg', 'lacinia sapien quis libero nullam sit amet turpis elementum ligula vehicula consequat morbi a ipsum', '절판', '2021-02-14 00:00:00', '2021-09-23 00:00:00'),
	(630, '547707901-0', '외국어', 'Redhold', 'Lance', 'Fivechat', 976, 14674, 'noimage.jpg', 'tempor turpis nec euismod scelerisque quam turpis adipiscing lorem vitae mattis nibh ligula nec sem duis', '판매중', '2021-05-01 00:00:00', '2021-09-23 00:00:00'),
	(631, '539540283-7', '경제', 'Tempsoft', 'Petey', 'Youbridge', 379, 23234, 'noimage.jpg', 'ullamcorper augue a suscipit nulla elit ac nulla sed vel enim sit amet nunc viverra', '절판', '2020-11-01 00:00:00', '2021-09-23 00:00:00'),
	(632, '002998179-4', '여행', 'Domainer', 'Isabelita', 'Topicware', 992, 19957, 'noimage.jpg', 'pretium iaculis justo in hac habitasse platea dictumst etiam faucibus cursus urna ut tellus nulla ut erat', '판매중', '2021-05-19 00:00:00', '2021-09-23 00:00:00'),
	(633, '466182074-6', '경제', 'It', 'Tessie', 'Quaxo', 241, 21008, 'noimage.jpg', 'aenean sit amet justo morbi ut odio cras mi pede malesuada in imperdiet et commodo vulputate', '절판', '2021-01-09 00:00:00', '2021-09-23 00:00:00'),
	(634, '925378074-6', '소설', 'Konklux', 'Alis', 'Skiba', 166, 7494, 'noimage.jpg', 'vel sem sed sagittis nam congue risus semper porta volutpat quam pede lobortis', '구편절판', '2021-01-01 00:00:00', '2021-09-23 00:00:00'),
	(635, '927182846-1', '경제', 'Zamit', 'Lisa', 'Agivu', 814, 7861, 'noimage.jpg', 'nulla integer pede justo lacinia eget tincidunt eget tempus vel pede morbi porttitor lorem id ligula suspendisse ornare consequat lectus', '판매중', '2020-12-17 00:00:00', '2021-09-23 00:00:00'),
	(636, '084098230-5', '소설', 'Zaam-Dox', 'Sheela', 'Janyx', 544, 17769, 'noimage.jpg', 'dictumst morbi vestibulum velit id pretium iaculis diam erat fermentum', '판매중', '2020-11-09 00:00:00', '2021-09-23 00:00:00'),
	(637, '600155911-2', '경제', 'Lotlux', 'Annora', 'Oyope', 837, 6775, 'noimage.jpg', 'amet lobortis sapien sapien non mi integer ac neque duis', '품절', '2020-10-09 00:00:00', '2021-09-23 00:00:00'),
	(638, '846462914-1', '외국어', 'Sonsing', 'Katrine', 'Quimm', 815, 18154, 'noimage.jpg', 'at dolor quis odio consequat varius integer ac leo pellentesque', '구편절판', '2021-02-27 00:00:00', '2021-09-23 00:00:00'),
	(639, '115985293-6', '소설', 'Ventosanzap', 'Nerte', 'Twiyo', 296, 13751, 'noimage.jpg', 'cum sociis natoque penatibus et magnis dis parturient montes nascetur ridiculus mus vivamus vestibulum sagittis sapien cum', '판매중', '2020-12-02 00:00:00', '2021-09-23 00:00:00'),
	(640, '320999345-9', '만화', 'Bitwolf', 'Laurella', 'Meeveo', 467, 29427, 'noimage.jpg', 'mattis egestas metus aenean fermentum donec ut mauris eget massa tempor convallis nulla neque libero convallis', '절판', '2020-10-27 00:00:00', '2021-09-23 00:00:00'),
	(641, '498470854-9', '만화', 'Aerified', 'Patrizio', 'Oyoba', 896, 5460, 'noimage.jpg', 'pede posuere nonummy integer non velit donec diam neque vestibulum eget vulputate ut ultrices vel augue', '품절', '2020-10-04 00:00:00', '2021-09-23 00:00:00'),
	(642, '296483974-3', '외국어', 'Viva', 'Caprice', 'DabZ', 775, 14503, 'noimage.jpg', 'vivamus vel nulla eget eros elementum pellentesque quisque porta volutpat erat quisque erat eros viverra eget', '구편절판', '2020-12-11 00:00:00', '2021-09-23 00:00:00'),
	(643, '572589756-7', '만화', 'Bytecard', 'Beitris', 'Twitterlist', 214, 20456, 'noimage.jpg', 'luctus et ultrices posuere cubilia curae donec pharetra magna vestibulum aliquet ultrices erat tortor', '절판', '2021-01-05 00:00:00', '2021-09-23 00:00:00'),
	(644, '807672304-3', '소설', 'Voyatouch', 'Pearline', 'BlogXS', 276, 25827, 'noimage.jpg', 'augue luctus tincidunt nulla mollis molestie lorem quisque ut erat curabitur gravida', '판매중', '2021-03-19 00:00:00', '2021-09-23 00:00:00'),
	(645, '616063622-7', '소설', 'Konklux', 'April', 'Rhynoodle', 328, 16410, 'noimage.jpg', 'nunc donec quis orci eget orci vehicula condimentum curabitur in', '판매중', '2020-09-30 00:00:00', '2021-09-23 00:00:00'),
	(646, '502738338-X', '경제', 'Alpha', 'Smitty', 'Feedmix', 101, 18275, 'noimage.jpg', 'sit amet justo morbi ut odio cras mi pede malesuada in imperdiet et commodo vulputate justo in blandit ultrices enim', '판매중', '2020-11-22 00:00:00', '2021-09-23 00:00:00'),
	(647, '269561664-3', '소설', 'Duobam', 'Felipe', 'Thoughtbeat', 902, 20237, 'noimage.jpg', 'hac habitasse platea dictumst maecenas ut massa quis augue luctus tincidunt nulla mollis molestie lorem quisque ut erat', '품절', '2021-07-29 00:00:00', '2021-09-23 00:00:00'),
	(648, '843458135-3', '경제', 'Keylex', 'Wynne', 'Wordify', 544, 20303, 'noimage.jpg', 'in ante vestibulum ante ipsum primis in faucibus orci luctus et ultrices posuere cubilia curae', '품절', '2021-08-16 00:00:00', '2021-09-23 00:00:00'),
	(649, '932561421-9', '여행', 'Asoka', 'Wilie', 'Avavee', 331, 9664, 'noimage.jpg', 'sit amet diam in magna bibendum imperdiet nullam orci pede venenatis non sodales sed tincidunt eu felis fusce posuere', '판매중', '2021-07-19 00:00:00', '2021-09-23 00:00:00'),
	(650, '381976530-1', '외국어', 'Andalax', 'Molli', 'LiveZ', 646, 7034, 'noimage.jpg', 'accumsan tortor quis turpis sed ante vivamus tortor duis mattis egestas metus aenean fermentum donec ut mauris eget massa', '판매중', '2021-05-02 00:00:00', '2021-09-23 00:00:00'),
	(651, '134870477-2', '경제', 'Biodex', 'Abba', 'Flipbug', 339, 10743, 'noimage.jpg', 'ut erat curabitur gravida nisi at nibh in hac habitasse platea dictumst aliquam augue quam sollicitudin vitae consectetuer eget rutrum', '절판', '2021-08-18 00:00:00', '2021-09-23 00:00:00'),
	(652, '332005245-4', '경제', 'Y-find', 'Domenico', 'Bluezoom', 372, 11009, 'noimage.jpg', 'vel accumsan tellus nisi eu orci mauris lacinia sapien quis libero nullam sit', '절판', '2020-12-08 00:00:00', '2021-09-23 00:00:00'),
	(653, '885939218-7', '만화', 'Greenlam', 'Sarene', 'Yabox', 635, 7583, 'noimage.jpg', 'vestibulum ante ipsum primis in faucibus orci luctus et ultrices posuere cubilia curae nulla dapibus dolor vel', '품절', '2021-05-01 00:00:00', '2021-09-23 00:00:00'),
	(654, '719379389-6', '소설', 'Cookley', 'Kynthia', 'DabZ', 475, 5010, 'noimage.jpg', 'in hac habitasse platea dictumst aliquam augue quam sollicitudin vitae consectetuer eget rutrum at lorem integer tincidunt', '구편절판', '2021-09-05 00:00:00', '2021-09-23 00:00:00'),
	(655, '181910223-8', '만화', 'Job', 'Letty', 'Tagtune', 519, 16709, 'noimage.jpg', 'gravida sem praesent id massa id nisl venenatis lacinia aenean', '절판', '2020-10-17 00:00:00', '2021-09-23 00:00:00'),
	(656, '010612504-4', '만화', 'Zathin', 'Donia', 'Yotz', 970, 7278, 'noimage.jpg', 'quam pharetra magna ac consequat metus sapien ut nunc vestibulum ante ipsum primis in faucibus orci luctus et', '품절', '2021-04-27 00:00:00', '2021-09-23 00:00:00'),
	(657, '285296733-2', '외국어', 'Zoolab', 'Adria', 'Flashdog', 436, 5625, 'noimage.jpg', 'sociis natoque penatibus et magnis dis parturient montes nascetur ridiculus mus etiam vel augue vestibulum rutrum rutrum neque aenean', '판매중', '2021-01-04 00:00:00', '2021-09-23 00:00:00'),
	(658, '785662541-4', '소설', 'Konklux', 'Shep', 'Tazzy', 896, 14330, 'noimage.jpg', 'interdum eu tincidunt in leo maecenas pulvinar lobortis est phasellus sit amet erat', '품절', '2020-10-10 00:00:00', '2021-09-23 00:00:00'),
	(659, '597385377-2', '경제', 'Overhold', 'Everett', 'Jabbercube', 808, 6435, 'noimage.jpg', 'mauris sit amet eros suspendisse accumsan tortor quis turpis sed ante vivamus tortor duis mattis egestas metus aenean fermentum donec', '절판', '2021-05-08 00:00:00', '2021-09-23 00:00:00'),
	(660, '030550428-2', '만화', 'Tin', 'Gunther', 'Mybuzz', 438, 10159, 'noimage.jpg', 'a libero nam dui proin leo odio porttitor id consequat in consequat ut nulla sed accumsan felis ut', '구편절판', '2021-04-11 00:00:00', '2021-09-23 00:00:00'),
	(661, '816882986-7', '만화', 'Tin', 'Josias', 'Divape', 760, 19444, 'noimage.jpg', 'nonummy maecenas tincidunt lacus at velit vivamus vel nulla eget eros elementum pellentesque quisque porta volutpat erat quisque erat eros', '구편절판', '2020-10-15 00:00:00', '2021-09-23 00:00:00'),
	(662, '458455841-8', '여행', 'Sub-Ex', 'Aurelie', 'Thoughtbeat', 599, 10352, 'noimage.jpg', 'nunc viverra dapibus nulla suscipit ligula in lacus curabitur at ipsum ac tellus semper', '구편절판', '2021-05-30 00:00:00', '2021-09-23 00:00:00'),
	(663, '158406908-2', '외국어', 'Zaam-Dox', 'Lanie', 'Youopia', 844, 17538, 'noimage.jpg', 'semper est quam pharetra magna ac consequat metus sapien ut nunc vestibulum ante', '절판', '2021-04-08 00:00:00', '2021-09-23 00:00:00'),
	(664, '425311359-1', '경제', 'Fixflex', 'Vivyanne', 'Zoonder', 296, 26268, 'noimage.jpg', 'a suscipit nulla elit ac nulla sed vel enim sit amet nunc viverra dapibus', '절판', '2021-02-13 00:00:00', '2021-09-23 00:00:00'),
	(665, '122164465-3', '만화', 'Trippledex', 'Dew', 'Avamm', 881, 21866, 'noimage.jpg', 'pede lobortis ligula sit amet eleifend pede libero quis orci nullam', '구편절판', '2020-11-10 00:00:00', '2021-09-23 00:00:00'),
	(666, '224732253-0', '만화', 'Pannier', 'Dorothee', 'Realfire', 292, 10346, 'noimage.jpg', 'tellus semper interdum mauris ullamcorper purus sit amet nulla quisque arcu libero', '판매중', '2021-05-16 00:00:00', '2021-09-23 00:00:00'),
	(667, '504253382-6', '소설', 'Gembucket', 'Enrique', 'Shuffletag', 126, 5022, 'noimage.jpg', 'sed vestibulum sit amet cursus id turpis integer aliquet massa id lobortis convallis tortor risus dapibus augue vel accumsan tellus', '구편절판', '2021-08-17 00:00:00', '2021-09-23 00:00:00'),
	(668, '732359149-X', '여행', 'Redhold', 'Lona', 'Rooxo', 568, 26099, 'noimage.jpg', 'libero ut massa volutpat convallis morbi odio odio elementum eu interdum eu tincidunt in leo maecenas pulvinar lobortis est', '구편절판', '2021-07-04 00:00:00', '2021-09-23 00:00:00'),
	(669, '116492803-1', '만화', 'Sub-Ex', 'Nickola', 'Flipbug', 125, 20055, 'noimage.jpg', 'sed sagittis nam congue risus semper porta volutpat quam pede lobortis ligula sit amet eleifend pede libero quis orci', '품절', '2021-04-12 00:00:00', '2021-09-23 00:00:00'),
	(670, '222850715-6', '외국어', 'Bitwolf', 'Mayne', 'Eidel', 233, 13097, 'noimage.jpg', 'vel accumsan tellus nisi eu orci mauris lacinia sapien quis libero nullam sit amet turpis', '판매중', '2021-04-17 00:00:00', '2021-09-23 00:00:00'),
	(671, '468219052-0', '만화', 'Holdlamis', 'Nessa', 'Tagcat', 743, 7621, 'noimage.jpg', 'sapien urna pretium nisl ut volutpat sapien arcu sed augue aliquam erat volutpat in congue etiam justo etiam', '판매중', '2021-08-06 00:00:00', '2021-09-23 00:00:00'),
	(672, '375659264-2', '여행', 'Otcom', 'Lisle', 'Youfeed', 535, 14660, 'noimage.jpg', 'sit amet sem fusce consequat nulla nisl nunc nisl duis bibendum felis sed interdum venenatis turpis enim blandit mi in', '품절', '2020-10-10 00:00:00', '2021-09-23 00:00:00'),
	(673, '043275724-4', '경제', 'Job', 'Lenci', 'Photobug', 540, 17932, 'noimage.jpg', 'quisque ut erat curabitur gravida nisi at nibh in hac habitasse platea', '판매중', '2020-10-20 00:00:00', '2021-09-23 00:00:00'),
	(674, '527295930-2', '소설', 'Fintone', 'Haze', 'Flipbug', 918, 21157, 'noimage.jpg', 'luctus rutrum nulla tellus in sagittis dui vel nisl duis ac nibh fusce lacus purus aliquet', '구편절판', '2021-03-28 00:00:00', '2021-09-23 00:00:00'),
	(675, '597974121-6', '만화', 'Bitwolf', 'Mortimer', 'Jazzy', 411, 16006, 'noimage.jpg', 'sociis natoque penatibus et magnis dis parturient montes nascetur ridiculus mus vivamus', '판매중', '2020-10-14 00:00:00', '2021-09-23 00:00:00'),
	(676, '104222265-7', '만화', 'Cookley', 'Paulo', 'Kwideo', 218, 6150, 'noimage.jpg', 'magna vulputate luctus cum sociis natoque penatibus et magnis dis parturient montes nascetur ridiculus', '절판', '2021-01-31 00:00:00', '2021-09-23 00:00:00'),
	(677, '709405068-2', '만화', 'Zontrax', 'Maje', 'Reallinks', 784, 16241, 'noimage.jpg', 'amet sapien dignissim vestibulum vestibulum ante ipsum primis in faucibus orci luctus et ultrices posuere cubilia curae nulla dapibus dolor', '구편절판', '2021-01-12 00:00:00', '2021-09-23 00:00:00'),
	(678, '429515582-9', '만화', 'Latlux', 'Gussie', 'Realcube', 952, 11726, 'noimage.jpg', 'tempus vivamus in felis eu sapien cursus vestibulum proin eu mi nulla ac enim in tempor', '품절', '2021-01-24 00:00:00', '2021-09-23 00:00:00'),
	(679, '339626229-8', '만화', 'Tres-Zap', 'Blake', 'Gabtype', 531, 10824, 'noimage.jpg', 'vestibulum ac est lacinia nisi venenatis tristique fusce congue diam id ornare imperdiet', '품절', '2021-01-01 00:00:00', '2021-09-23 00:00:00'),
	(680, '302387815-3', '여행', 'Duobam', 'Cyndia', 'Brightbean', 435, 13213, 'noimage.jpg', 'lacus morbi sem mauris laoreet ut rhoncus aliquet pulvinar sed', '절판', '2021-02-16 00:00:00', '2021-09-23 00:00:00'),
	(681, '649726771-9', '소설', 'Treeflex', 'Reinwald', 'Trilith', 202, 9055, 'noimage.jpg', 'primis in faucibus orci luctus et ultrices posuere cubilia curae', '절판', '2021-02-16 00:00:00', '2021-09-23 00:00:00'),
	(682, '104850420-4', '외국어', 'Otcom', 'Livy', 'Oodoo', 945, 22305, 'noimage.jpg', 'metus sapien ut nunc vestibulum ante ipsum primis in faucibus orci luctus et ultrices posuere cubilia curae mauris viverra', '구편절판', '2021-06-12 00:00:00', '2021-09-23 00:00:00'),
	(683, '243996518-9', '경제', 'Greenlam', 'Erna', 'Mynte', 347, 22129, 'noimage.jpg', 'odio porttitor id consequat in consequat ut nulla sed accumsan felis ut at dolor quis odio consequat', '품절', '2021-03-01 00:00:00', '2021-09-23 00:00:00'),
	(684, '225171556-8', '여행', 'Mat Lam Tam', 'Jammal', 'Riffpath', 711, 15282, 'noimage.jpg', 'dui vel nisl duis ac nibh fusce lacus purus aliquet at feugiat non pretium quis lectus suspendisse potenti', '품절', '2021-02-13 00:00:00', '2021-09-23 00:00:00'),
	(685, '691046626-8', '만화', 'Matsoft', 'Jo-ann', 'Fanoodle', 498, 20531, 'noimage.jpg', 'at velit vivamus vel nulla eget eros elementum pellentesque quisque porta volutpat erat quisque erat', '품절', '2021-05-29 00:00:00', '2021-09-23 00:00:00'),
	(686, '053418156-2', '경제', 'Domainer', 'Theodore', 'Rhyzio', 127, 27705, 'noimage.jpg', 'lectus suspendisse potenti in eleifend quam a odio in hac habitasse platea dictumst maecenas ut massa quis augue luctus', '구편절판', '2021-07-14 00:00:00', '2021-09-23 00:00:00'),
	(687, '714821543-9', '외국어', 'Quo Lux', 'Tymothy', 'Yoveo', 318, 15732, 'noimage.jpg', 'elit proin interdum mauris non ligula pellentesque ultrices phasellus id sapien in sapien iaculis congue vivamus metus arcu adipiscing molestie', '판매중', '2021-06-24 00:00:00', '2021-09-23 00:00:00'),
	(688, '399016101-6', '만화', 'Zaam-Dox', 'Shaw', 'Cogilith', 131, 18095, 'noimage.jpg', 'aliquet ultrices erat tortor sollicitudin mi sit amet lobortis sapien sapien non mi integer ac', '절판', '2021-02-01 00:00:00', '2021-09-23 00:00:00'),
	(689, '369944040-0', '외국어', 'Konklab', 'Zita', 'Devshare', 393, 21040, 'noimage.jpg', 'ante ipsum primis in faucibus orci luctus et ultrices posuere cubilia curae mauris viverra diam vitae quam suspendisse potenti nullam', '구편절판', '2021-06-23 00:00:00', '2021-09-23 00:00:00'),
	(690, '132638411-2', '경제', 'Veribet', 'Fifine', 'Tambee', 164, 28275, 'noimage.jpg', 'quisque id justo sit amet sapien dignissim vestibulum vestibulum ante ipsum primis in faucibus orci luctus et ultrices', '품절', '2020-11-03 00:00:00', '2021-09-23 00:00:00'),
	(691, '474688117-0', '만화', 'Bamity', 'Georgeanna', 'Buzzbean', 366, 12097, 'noimage.jpg', 'nascetur ridiculus mus vivamus vestibulum sagittis sapien cum sociis natoque penatibus et magnis dis', '판매중', '2020-11-17 00:00:00', '2021-09-23 00:00:00'),
	(692, '194046080-8', '외국어', 'Alphazap', 'Fitz', 'Browsedrive', 947, 13218, 'noimage.jpg', 'blandit lacinia erat vestibulum sed magna at nunc commodo placerat praesent blandit nam nulla integer pede justo', '품절', '2021-07-18 00:00:00', '2021-09-23 00:00:00'),
	(693, '492053469-8', '만화', 'Fix San', 'Robinette', 'Twiyo', 296, 6768, 'noimage.jpg', 'lobortis est phasellus sit amet erat nulla tempus vivamus in felis eu sapien cursus vestibulum proin eu', '판매중', '2021-05-24 00:00:00', '2021-09-23 00:00:00'),
	(694, '603667996-3', '외국어', 'Tin', 'Heinrick', 'Browsedrive', 845, 10815, 'noimage.jpg', 'augue a suscipit nulla elit ac nulla sed vel enim sit amet nunc viverra dapibus', '판매중', '2020-11-30 00:00:00', '2021-09-23 00:00:00'),
	(695, '022855477-2', '만화', 'Sub-Ex', 'Clementine', 'Fivespan', 726, 19575, 'noimage.jpg', 'ac enim in tempor turpis nec euismod scelerisque quam turpis adipiscing lorem vitae mattis nibh ligula', '절판', '2021-04-04 00:00:00', '2021-09-23 00:00:00'),
	(696, '085292215-9', '소설', 'Biodex', 'Kenneth', 'Jetwire', 869, 12360, 'noimage.jpg', 'at nunc commodo placerat praesent blandit nam nulla integer pede justo lacinia eget tincidunt', '판매중', '2021-06-25 00:00:00', '2021-09-23 00:00:00'),
	(697, '534246391-2', '외국어', 'Redhold', 'Jorie', 'Layo', 633, 5125, 'noimage.jpg', 'morbi porttitor lorem id ligula suspendisse ornare consequat lectus in est risus auctor sed tristique in tempus sit amet', '판매중', '2020-11-01 00:00:00', '2021-09-23 00:00:00'),
	(698, '234222196-7', '소설', 'Kanlam', 'Suzie', 'Wordtune', 183, 13792, 'noimage.jpg', 'sed vestibulum sit amet cursus id turpis integer aliquet massa id', '절판', '2021-05-16 00:00:00', '2021-09-23 00:00:00'),
	(699, '424440752-9', '외국어', 'Fintone', 'Calhoun', 'Eazzy', 180, 25686, 'noimage.jpg', 'magna at nunc commodo placerat praesent blandit nam nulla integer pede justo lacinia eget tincidunt eget tempus vel pede morbi', '절판', '2021-07-21 00:00:00', '2021-09-23 00:00:00'),
	(700, '047999180-4', '여행', 'Holdlamis', 'Ira', 'Teklist', 910, 15041, 'noimage.jpg', 'erat curabitur gravida nisi at nibh in hac habitasse platea dictumst aliquam', '품절', '2021-09-02 00:00:00', '2021-09-23 00:00:00'),
	(701, '268519999-3', '여행', 'Alphazap', 'Rubina', 'Skyble', 371, 10611, 'noimage.jpg', 'pretium iaculis diam erat fermentum justo nec condimentum neque sapien', '구편절판', '2021-05-17 00:00:00', '2021-09-23 00:00:00'),
	(702, '165243609-X', '여행', 'Toughjoyfax', 'Niko', 'Meetz', 549, 11399, 'noimage.jpg', 'in tempor turpis nec euismod scelerisque quam turpis adipiscing lorem vitae mattis nibh ligula nec sem', '구편절판', '2020-12-16 00:00:00', '2021-09-23 00:00:00'),
	(703, '434065996-7', '여행', 'Toughjoyfax', 'Uriel', 'Shufflester', 421, 24465, 'noimage.jpg', 'a suscipit nulla elit ac nulla sed vel enim sit amet nunc viverra dapibus', '품절', '2021-09-04 00:00:00', '2021-09-23 00:00:00'),
	(704, '453762047-1', '경제', 'Toughjoyfax', 'Bobina', 'Fivespan', 887, 7232, 'noimage.jpg', 'mauris ullamcorper purus sit amet nulla quisque arcu libero rutrum ac lobortis vel dapibus at diam nam tristique tortor', '구편절판', '2021-09-11 00:00:00', '2021-09-23 00:00:00'),
	(705, '472135619-6', '경제', 'Fixflex', 'Bail', 'Ntags', 805, 9778, 'noimage.jpg', 'ante vel ipsum praesent blandit lacinia erat vestibulum sed magna at nunc commodo', '구편절판', '2021-07-22 00:00:00', '2021-09-23 00:00:00'),
	(706, '837128824-7', '외국어', 'Job', 'Gerry', 'Edgetag', 103, 14568, 'noimage.jpg', 'suspendisse potenti in eleifend quam a odio in hac habitasse platea dictumst maecenas ut massa', '구편절판', '2021-05-31 00:00:00', '2021-09-23 00:00:00'),
	(707, '457961761-4', '만화', 'Quo Lux', 'Drusilla', 'Snaptags', 681, 8112, 'noimage.jpg', 'lorem quisque ut erat curabitur gravida nisi at nibh in hac habitasse platea dictumst aliquam augue quam sollicitudin vitae', '절판', '2021-02-07 00:00:00', '2021-09-23 00:00:00'),
	(708, '589433048-3', '경제', 'Biodex', 'Gisela', 'Dynazzy', 629, 20153, 'noimage.jpg', 'in magna bibendum imperdiet nullam orci pede venenatis non sodales', '품절', '2021-06-26 00:00:00', '2021-09-23 00:00:00'),
	(709, '677127582-5', '여행', 'Mat Lam Tam', 'Essa', 'Oodoo', 237, 21068, 'noimage.jpg', 'nisl ut volutpat sapien arcu sed augue aliquam erat volutpat', '품절', '2021-08-18 00:00:00', '2021-09-23 00:00:00'),
	(710, '622010171-5', '소설', 'It', 'Cobby', 'Browsebug', 513, 15546, 'noimage.jpg', 'amet lobortis sapien sapien non mi integer ac neque duis bibendum morbi non quam nec dui', '품절', '2021-04-27 00:00:00', '2021-09-23 00:00:00'),
	(711, '849490246-6', '외국어', 'Opela', 'Zaneta', 'Bluezoom', 880, 19780, 'noimage.jpg', 'magna vulputate luctus cum sociis natoque penatibus et magnis dis', '판매중', '2021-09-07 00:00:00', '2021-09-23 00:00:00'),
	(712, '415602220-X', '외국어', 'Opela', 'Dacia', 'Feedmix', 214, 23236, 'noimage.jpg', 'lacinia nisi venenatis tristique fusce congue diam id ornare imperdiet sapien', '판매중', '2021-08-17 00:00:00', '2021-09-23 00:00:00'),
	(713, '732784994-7', '만화', 'Vagram', 'Terrell', 'Thoughtblab', 335, 9709, 'noimage.jpg', 'laoreet ut rhoncus aliquet pulvinar sed nisl nunc rhoncus dui vel sem sed sagittis nam', '절판', '2021-07-22 00:00:00', '2021-09-23 00:00:00'),
	(714, '599749510-8', '외국어', 'Andalax', 'Joanne', 'Topiclounge', 217, 19936, 'noimage.jpg', 'lobortis convallis tortor risus dapibus augue vel accumsan tellus nisi eu orci mauris lacinia sapien quis libero nullam sit', '절판', '2020-10-05 00:00:00', '2021-09-23 00:00:00'),
	(715, '991651636-7', '외국어', 'Viva', 'Sheri', 'Zava', 171, 5440, 'noimage.jpg', 'adipiscing elit proin risus praesent lectus vestibulum quam sapien varius ut blandit non interdum in ante vestibulum ante ipsum', '품절', '2021-08-19 00:00:00', '2021-09-23 00:00:00'),
	(716, '174051636-2', '여행', 'Stronghold', 'Althea', 'Eayo', 744, 13502, 'noimage.jpg', 'lectus aliquam sit amet diam in magna bibendum imperdiet nullam orci pede venenatis non', '판매중', '2021-05-04 00:00:00', '2021-09-23 00:00:00'),
	(717, '251339646-4', '여행', 'Bitwolf', 'Linette', 'Kayveo', 132, 15795, 'noimage.jpg', 'molestie sed justo pellentesque viverra pede ac diam cras pellentesque volutpat dui', '판매중', '2021-02-10 00:00:00', '2021-09-23 00:00:00'),
	(718, '630575144-7', '여행', 'Quo Lux', 'Lora', 'Agimba', 470, 15877, 'noimage.jpg', 'neque vestibulum eget vulputate ut ultrices vel augue vestibulum ante ipsum primis', '품절', '2021-06-24 00:00:00', '2021-09-23 00:00:00'),
	(719, '244004099-1', '경제', 'Stim', 'Taryn', 'Skipfire', 681, 5333, 'noimage.jpg', 'consequat dui nec nisi volutpat eleifend donec ut dolor morbi vel lectus in', '구편절판', '2021-05-26 00:00:00', '2021-09-23 00:00:00'),
	(720, '405285375-X', '경제', 'Fixflex', 'Meggie', 'Aivee', 979, 21154, 'noimage.jpg', 'est phasellus sit amet erat nulla tempus vivamus in felis', '품절', '2020-09-26 00:00:00', '2021-09-23 00:00:00'),
	(721, '297492570-7', '경제', 'Viva', 'Jacquenetta', 'Mymm', 191, 29880, 'noimage.jpg', 'convallis tortor risus dapibus augue vel accumsan tellus nisi eu orci mauris lacinia sapien', '판매중', '2021-02-23 00:00:00', '2021-09-23 00:00:00'),
	(722, '997603686-8', '경제', 'Voltsillam', 'Aube', 'Cogilith', 992, 18251, 'noimage.jpg', 'id turpis integer aliquet massa id lobortis convallis tortor risus dapibus augue vel accumsan tellus nisi eu orci', '구편절판', '2021-04-03 00:00:00', '2021-09-23 00:00:00'),
	(723, '365599152-5', '만화', 'Fixflex', 'Tonia', 'Rooxo', 299, 17131, 'noimage.jpg', 'nibh in quis justo maecenas rhoncus aliquam lacus morbi quis tortor id nulla', '판매중', '2021-01-18 00:00:00', '2021-09-23 00:00:00'),
	(724, '732636974-7', '여행', 'Bamity', 'Odilia', 'Realbuzz', 267, 15988, 'noimage.jpg', 'aenean lectus pellentesque eget nunc donec quis orci eget orci vehicula condimentum', '절판', '2021-04-30 00:00:00', '2021-09-23 00:00:00'),
	(725, '722333415-0', '경제', 'Subin', 'Rosita', 'Eidel', 175, 26762, 'noimage.jpg', 'integer ac leo pellentesque ultrices mattis odio donec vitae nisi nam ultrices libero non mattis pulvinar nulla pede ullamcorper', '절판', '2021-08-22 00:00:00', '2021-09-23 00:00:00'),
	(726, '892062773-8', '여행', 'Bitchip', 'Astra', 'Flashdog', 320, 18207, 'noimage.jpg', 'sed lacus morbi sem mauris laoreet ut rhoncus aliquet pulvinar sed nisl nunc rhoncus dui vel sem', '절판', '2021-04-16 00:00:00', '2021-09-23 00:00:00'),
	(727, '251323822-2', '외국어', 'Matsoft', 'Gaylord', 'Meejo', 873, 17154, 'noimage.jpg', 'id luctus nec molestie sed justo pellentesque viverra pede ac diam cras pellentesque volutpat dui maecenas tristique est', '판매중', '2020-10-28 00:00:00', '2021-09-23 00:00:00'),
	(728, '796101815-8', '경제', 'Lotstring', 'Neils', 'Devify', 123, 26577, 'noimage.jpg', 'vulputate justo in blandit ultrices enim lorem ipsum dolor sit amet consectetuer adipiscing', '절판', '2020-10-17 00:00:00', '2021-09-23 00:00:00'),
	(729, '254836253-1', '만화', 'Zoolab', 'Gabrielle', 'Youopia', 367, 20094, 'noimage.jpg', 'augue vestibulum rutrum rutrum neque aenean auctor gravida sem praesent id massa id nisl venenatis lacinia aenean sit', '품절', '2021-07-06 00:00:00', '2021-09-23 00:00:00'),
	(730, '931976748-3', '경제', 'Trippledex', 'Goldy', 'Roodel', 456, 26935, 'noimage.jpg', 'in lectus pellentesque at nulla suspendisse potenti cras in purus', '판매중', '2020-10-26 00:00:00', '2021-09-23 00:00:00'),
	(731, '946126106-3', '여행', 'Kanlam', 'Kalina', 'Feedspan', 768, 14395, 'noimage.jpg', 'nulla tempus vivamus in felis eu sapien cursus vestibulum proin eu mi nulla', '판매중', '2021-08-23 00:00:00', '2021-09-23 00:00:00'),
	(732, '411677365-4', '만화', 'Tres-Zap', 'Tiffanie', 'Layo', 174, 14399, 'noimage.jpg', 'vestibulum rutrum rutrum neque aenean auctor gravida sem praesent id massa id nisl venenatis lacinia', '판매중', '2021-01-03 00:00:00', '2021-09-23 00:00:00'),
	(733, '415635696-5', '외국어', 'Fintone', 'Harland', 'Kayveo', 833, 11444, 'noimage.jpg', 'nisl aenean lectus pellentesque eget nunc donec quis orci eget orci vehicula condimentum curabitur', '절판', '2020-12-20 00:00:00', '2021-09-23 00:00:00'),
	(734, '789287160-8', '여행', 'Cardify', 'Lauraine', 'Dabshots', 963, 12896, 'noimage.jpg', 'cras in purus eu magna vulputate luctus cum sociis natoque', '절판', '2021-08-17 00:00:00', '2021-09-23 00:00:00'),
	(735, '169418614-8', '경제', 'Konklab', 'Spence', 'Zoomdog', 307, 25781, 'noimage.jpg', 'sed tincidunt eu felis fusce posuere felis sed lacus morbi sem', '판매중', '2020-11-07 00:00:00', '2021-09-23 00:00:00'),
	(736, '864324499-6', '경제', 'Cookley', 'Freda', 'Cogibox', 575, 6034, 'noimage.jpg', 'fusce lacus purus aliquet at feugiat non pretium quis lectus suspendisse potenti in eleifend quam a odio', '판매중', '2020-10-05 00:00:00', '2021-09-23 00:00:00'),
	(737, '888045625-3', '만화', 'Subin', 'Allister', 'Youspan', 305, 19619, 'noimage.jpg', 'pede ullamcorper augue a suscipit nulla elit ac nulla sed vel enim sit amet nunc', '구편절판', '2021-09-14 00:00:00', '2021-09-23 00:00:00'),
	(738, '336060982-4', '소설', 'Bamity', 'Inger', 'Linklinks', 357, 8300, 'noimage.jpg', 'potenti nullam porttitor lacus at turpis donec posuere metus vitae ipsum aliquam non mauris', '구편절판', '2021-05-31 00:00:00', '2021-09-23 00:00:00'),
	(739, '912354702-2', '소설', 'Overhold', 'Wang', 'Voolith', 302, 29082, 'noimage.jpg', 'sed lacus morbi sem mauris laoreet ut rhoncus aliquet pulvinar sed', '절판', '2021-02-04 00:00:00', '2021-09-23 00:00:00'),
	(740, '168289081-3', '외국어', 'Andalax', 'Vassily', 'Tagpad', 876, 28268, 'noimage.jpg', 'natoque penatibus et magnis dis parturient montes nascetur ridiculus mus vivamus vestibulum sagittis sapien cum sociis', '절판', '2021-04-04 00:00:00', '2021-09-23 00:00:00'),
	(741, '170832897-1', '만화', 'Fixflex', 'Corrinne', 'Youopia', 492, 9491, 'noimage.jpg', 'nec sem duis aliquam convallis nunc proin at turpis a pede posuere nonummy integer non velit donec diam neque', '절판', '2021-01-27 00:00:00', '2021-09-23 00:00:00'),
	(742, '986787225-8', '경제', 'Tampflex', 'Tamqrah', 'Yombu', 976, 14039, 'noimage.jpg', 'augue vestibulum ante ipsum primis in faucibus orci luctus et', '절판', '2021-08-10 00:00:00', '2021-09-23 00:00:00'),
	(743, '090044348-0', '외국어', 'Sonair', 'Hortensia', 'Photofeed', 816, 14813, 'noimage.jpg', 'ante nulla justo aliquam quis turpis eget elit sodales scelerisque mauris sit amet eros suspendisse accumsan tortor quis turpis', '구편절판', '2021-01-12 00:00:00', '2021-09-23 00:00:00'),
	(744, '726755065-7', '소설', 'Bitwolf', 'Ced', 'Youtags', 782, 9999, 'KakaoTalk_20210923_175058634.jpg', 'porttitor pede justo eu massa donec dapibus duis at velit eu est congue elementum in hac habitasse platea dictumst morbi', '구편절판', '2021-09-22 00:00:00', '2021-09-23 00:00:00'),
	(745, '432569756-X', '여행', 'Holdlamis', 'Almeria', 'Voonder', 245, 29753, 'noimage.jpg', 'lorem integer tincidunt ante vel ipsum praesent blandit lacinia erat', '구편절판', '2021-07-30 00:00:00', '2021-09-23 00:00:00'),
	(746, '998812738-3', '외국어', 'Bytecard', 'Anna', 'Jaxnation', 297, 23985, 'noimage.jpg', 'fermentum justo nec condimentum neque sapien placerat ante nulla justo aliquam quis turpis eget', '판매중', '2021-07-15 00:00:00', '2021-09-23 00:00:00'),
	(747, '520041216-1', '여행', 'Bytecard', 'Parke', 'Wordpedia', 800, 14479, 'noimage.jpg', 'sem duis aliquam convallis nunc proin at turpis a pede posuere nonummy integer non velit donec', '품절', '2021-08-22 00:00:00', '2021-09-23 00:00:00'),
	(748, '159176856-X', '외국어', 'Tampflex', 'Amberly', 'Skinte', 498, 21365, 'noimage.jpg', 'convallis eget eleifend luctus ultricies eu nibh quisque id justo sit amet sapien dignissim', '판매중', '2021-06-29 00:00:00', '2021-09-23 00:00:00'),
	(749, '940186272-9', '만화', 'Gembucket', 'Marylynne', 'Zoonder', 301, 28806, 'noimage.jpg', 'pede posuere nonummy integer non velit donec diam neque vestibulum eget vulputate ut ultrices vel augue vestibulum ante', '품절', '2021-01-17 00:00:00', '2021-09-23 00:00:00'),
	(750, '317160656-9', '여행', 'Fintone', 'Abbott', 'Thoughtworks', 281, 15993, 'noimage.jpg', 'aliquet ultrices erat tortor sollicitudin mi sit amet lobortis sapien sapien non mi integer ac neque duis', '판매중', '2021-08-03 00:00:00', '2021-09-23 00:00:00'),
	(751, '231650618-6', '여행', 'Tampflex', 'Harlene', 'Gabtune', 501, 12133, 'noimage.jpg', 'consequat ut nulla sed accumsan felis ut at dolor quis odio consequat varius', '절판', '2021-01-20 00:00:00', '2021-09-23 00:00:00'),
	(752, '680018167-6', '소설', 'Prodder', 'Whittaker', 'Eimbee', 587, 12772, 'noimage.jpg', 'justo in hac habitasse platea dictumst etiam faucibus cursus urna ut tellus nulla ut erat id mauris vulputate elementum', '판매중', '2020-11-14 00:00:00', '2021-09-23 00:00:00'),
	(753, '598450728-5', '만화', 'Asoka', 'Lark', 'Trunyx', 732, 5828, 'noimage.jpg', 'egestas metus aenean fermentum donec ut mauris eget massa tempor convallis nulla neque libero convallis eget eleifend luctus ultricies eu', '절판', '2021-05-13 00:00:00', '2021-09-23 00:00:00'),
	(754, '681109806-6', '만화', 'Prodder', 'Wileen', 'Dablist', 301, 21412, 'noimage.jpg', 'luctus rutrum nulla tellus in sagittis dui vel nisl duis ac nibh fusce lacus purus aliquet at', '절판', '2021-01-16 00:00:00', '2021-09-23 00:00:00'),
	(755, '415738185-8', '소설', 'Stringtough', 'Lizbeth', 'Riffpath', 200, 17584, 'noimage.jpg', 'nibh quisque id justo sit amet sapien dignissim vestibulum vestibulum ante ipsum primis in faucibus orci luctus et', '판매중', '2021-08-22 00:00:00', '2021-09-23 00:00:00'),
	(756, '804128773-5', '소설', 'Zathin', 'Delano', 'Meemm', 342, 29297, 'noimage.jpg', 'ante nulla justo aliquam quis turpis eget elit sodales scelerisque mauris', '구편절판', '2021-07-26 00:00:00', '2021-09-23 00:00:00'),
	(757, '833073650-4', '여행', 'It', 'Carmine', 'Yambee', 714, 15993, 'noimage.jpg', 'sed vel enim sit amet nunc viverra dapibus nulla suscipit', '판매중', '2021-04-23 00:00:00', '2021-09-23 00:00:00'),
	(758, '354874385-4', '만화', 'Overhold', 'Bridie', 'Demimbu', 660, 23829, 'noimage.jpg', 'vestibulum aliquet ultrices erat tortor sollicitudin mi sit amet lobortis sapien sapien non mi integer ac neque duis', '절판', '2020-12-06 00:00:00', '2021-09-23 00:00:00'),
	(759, '684720544-X', '만화', 'Voyatouch', 'Duff', 'Livetube', 186, 21490, 'noimage.jpg', 'suspendisse potenti in eleifend quam a odio in hac habitasse platea dictumst maecenas ut massa quis augue luctus tincidunt', '판매중', '2021-03-03 00:00:00', '2021-09-23 00:00:00'),
	(760, '210275964-4', '만화', 'Regrant', 'Delly', 'Tanoodle', 268, 19129, 'noimage.jpg', 'duis bibendum felis sed interdum venenatis turpis enim blandit mi in porttitor pede justo eu massa donec dapibus', '절판', '2020-11-30 00:00:00', '2021-09-23 00:00:00'),
	(761, '436017746-1', '만화', 'Pannier', 'Adriana', 'Livetube', 580, 9892, 'noimage.jpg', 'in quis justo maecenas rhoncus aliquam lacus morbi quis tortor id nulla ultrices aliquet maecenas leo odio', '품절', '2021-01-08 00:00:00', '2021-09-23 00:00:00'),
	(762, '340737356-2', '경제', 'Viva', 'Yevette', 'Dabtype', 425, 12126, 'noimage.jpg', 'vestibulum ante ipsum primis in faucibus orci luctus et ultrices posuere cubilia curae mauris viverra diam vitae quam', '구편절판', '2020-09-29 00:00:00', '2021-09-23 00:00:00'),
	(763, '619281990-4', '만화', 'Wrapsafe', 'Hussein', 'Blogtags', 145, 12899, 'noimage.jpg', 'metus vitae ipsum aliquam non mauris morbi non lectus aliquam sit amet diam', '절판', '2021-06-22 00:00:00', '2021-09-23 00:00:00'),
	(764, '594251629-4', '여행', 'Daltfresh', 'Rosabel', 'Edgepulse', 359, 19137, 'noimage.jpg', 'a nibh in quis justo maecenas rhoncus aliquam lacus morbi quis tortor id nulla ultrices aliquet maecenas', '품절', '2021-02-07 00:00:00', '2021-09-23 00:00:00'),
	(765, '481888631-9', '만화', 'Stringtough', 'Barnie', 'Quamba', 451, 27506, 'noimage.jpg', 'platea dictumst maecenas ut massa quis augue luctus tincidunt nulla mollis molestie lorem quisque', '품절', '2020-12-03 00:00:00', '2021-09-23 00:00:00'),
	(766, '450486354-5', '만화', 'Sub-Ex', 'Bernadene', 'Wordtune', 721, 8000, 'KakaoTalk_20210923_1750586342.jpg', 'velit eu est congue elementum in hac habitasse platea dictumst', '품절', '2021-09-22 00:00:00', '2021-09-23 00:00:00'),
	(767, '120640150-8', '여행', 'Zontrax', 'Jorry', 'Rhynyx', 979, 13566, 'noimage.jpg', 'nulla ac enim in tempor turpis nec euismod scelerisque quam turpis adipiscing lorem vitae mattis nibh ligula nec', '판매중', '2021-05-01 00:00:00', '2021-09-23 00:00:00'),
	(768, '607725698-6', '여행', 'Bitchip', 'Winnie', 'Zoonder', 640, 16469, 'noimage.jpg', 'nulla dapibus dolor vel est donec odio justo sollicitudin ut suscipit a feugiat et eros vestibulum ac est lacinia nisi', '판매중', '2021-05-12 00:00:00', '2021-09-23 00:00:00'),
	(769, '965863587-3', '여행', 'Veribet', 'Shea', 'Devshare', 419, 10942, 'noimage.jpg', 'neque duis bibendum morbi non quam nec dui luctus rutrum nulla tellus in sagittis', '품절', '2021-05-01 00:00:00', '2021-09-23 00:00:00'),
	(770, '687397117-0', '외국어', 'Treeflex', 'Clarisse', 'Skippad', 188, 18790, 'noimage.jpg', 'tincidunt ante vel ipsum praesent blandit lacinia erat vestibulum sed magna at nunc commodo', '구편절판', '2021-03-30 00:00:00', '2021-09-23 00:00:00'),
	(771, '034450460-3', '만화', 'Zaam-Dox', 'Billi', 'Izio', 635, 23044, 'noimage.jpg', 'faucibus cursus urna ut tellus nulla ut erat id mauris vulputate elementum nullam varius nulla facilisi cras non', '판매중', '2020-09-30 00:00:00', '2021-09-23 00:00:00'),
	(772, '547498184-8', '외국어', 'Matsoft', 'Dinnie', 'Wikibox', 715, 19601, 'noimage.jpg', 'eu felis fusce posuere felis sed lacus morbi sem mauris laoreet', '판매중', '2021-03-26 00:00:00', '2021-09-23 00:00:00'),
	(773, '238432666-X', '만화', 'Trippledex', 'Torrance', 'Edgepulse', 340, 26024, 'noimage.jpg', 'justo maecenas rhoncus aliquam lacus morbi quis tortor id nulla ultrices aliquet', '절판', '2020-11-20 00:00:00', '2021-09-23 00:00:00'),
	(774, '112631154-5', '소설', 'Cardguard', 'Cecilio', 'Realcube', 320, 21147, 'noimage.jpg', 'quisque id justo sit amet sapien dignissim vestibulum vestibulum ante ipsum', '절판', '2021-05-17 00:00:00', '2021-09-23 00:00:00'),
	(775, '549706392-6', '경제', 'Lotstring', 'Edith', 'DabZ', 955, 15075, 'noimage.jpg', 'sapien in sapien iaculis congue vivamus metus arcu adipiscing molestie hendrerit at vulputate vitae nisl aenean lectus', '품절', '2020-10-26 00:00:00', '2021-09-23 00:00:00'),
	(776, '532126733-2', '경제', 'Span', 'Orsa', 'Devshare', 936, 10204, 'noimage.jpg', 'vel ipsum praesent blandit lacinia erat vestibulum sed magna at nunc commodo placerat praesent', '절판', '2021-01-27 00:00:00', '2021-09-23 00:00:00'),
	(777, '584473768-7', '외국어', 'Gembucket', 'Cornall', 'Trilia', 329, 24808, 'noimage.jpg', 'vehicula condimentum curabitur in libero ut massa volutpat convallis morbi odio odio elementum eu', '절판', '2021-04-03 00:00:00', '2021-09-23 00:00:00'),
	(778, '787664424-4', '외국어', 'Duobam', 'Ganny', 'Oyonder', 263, 12278, 'noimage.jpg', 'venenatis turpis enim blandit mi in porttitor pede justo eu massa donec dapibus duis at', '구편절판', '2021-03-05 00:00:00', '2021-09-23 00:00:00'),
	(779, '810849810-4', '만화', 'Overhold', 'Foster', 'Zoombox', 139, 15524, 'noimage.jpg', 'interdum mauris non ligula pellentesque ultrices phasellus id sapien in sapien iaculis', '구편절판', '2021-06-03 00:00:00', '2021-09-23 00:00:00'),
	(780, '772316501-3', '여행', 'Domainer', 'Gabrielle', 'Oodoo', 621, 5359, 'noimage.jpg', 'ultrices posuere cubilia curae donec pharetra magna vestibulum aliquet ultrices erat tortor sollicitudin mi sit amet lobortis', '판매중', '2021-06-25 00:00:00', '2021-09-23 00:00:00'),
	(781, '217520106-6', '만화', 'Tres-Zap', 'Lionello', 'Ozu', 953, 29935, 'noimage.jpg', 'sed magna at nunc commodo placerat praesent blandit nam nulla', '판매중', '2021-02-09 00:00:00', '2021-09-23 00:00:00'),
	(782, '741952886-1', '외국어', 'Veribet', 'Winfred', 'Kimia', 286, 14478, 'noimage.jpg', 'rutrum rutrum neque aenean auctor gravida sem praesent id massa id nisl', '판매중', '2020-12-06 00:00:00', '2021-09-23 00:00:00'),
	(783, '571090820-7', '여행', 'Sonsing', 'Carlye', 'Yombu', 262, 28855, 'noimage.jpg', 'pretium iaculis justo in hac habitasse platea dictumst etiam faucibus', '품절', '2021-01-02 00:00:00', '2021-09-23 00:00:00'),
	(784, '096552392-6', '경제', 'Domainer', 'Milty', 'Thoughtsphere', 170, 10506, 'noimage.jpg', 'sed magna at nunc commodo placerat praesent blandit nam nulla integer pede justo', '판매중', '2021-08-17 00:00:00', '2021-09-23 00:00:00'),
	(785, '420350808-8', '만화', 'Stringtough', 'Lyndel', 'Photobug', 961, 16836, 'noimage.jpg', 'amet eleifend pede libero quis orci nullam molestie nibh in lectus pellentesque at nulla', '구편절판', '2020-11-02 00:00:00', '2021-09-23 00:00:00'),
	(786, '742487148-X', '외국어', 'Toughjoyfax', 'Carey', 'Fivechat', 787, 24111, 'noimage.jpg', 'sit amet nunc viverra dapibus nulla suscipit ligula in lacus curabitur at ipsum', '판매중', '2021-07-27 00:00:00', '2021-09-23 00:00:00'),
	(787, '515445528-2', '만화', 'Pannier', 'Rozalie', 'Meejo', 645, 17591, 'noimage.jpg', 'volutpat in congue etiam justo etiam pretium iaculis justo in hac habitasse platea dictumst etiam faucibus', '절판', '2021-03-13 00:00:00', '2021-09-23 00:00:00'),
	(788, '496263078-4', '만화', 'Overhold', 'Agosto', 'Skilith', 456, 18436, 'noimage.jpg', 'tincidunt eget tempus vel pede morbi porttitor lorem id ligula suspendisse ornare consequat lectus in est risus auctor', '구편절판', '2021-08-03 00:00:00', '2021-09-23 00:00:00'),
	(789, '529919139-1', '여행', 'Stringtough', 'Cale', 'Jabberstorm', 379, 14599, 'noimage.jpg', 'diam in magna bibendum imperdiet nullam orci pede venenatis non sodales sed tincidunt eu felis fusce posuere felis sed', '품절', '2020-11-04 00:00:00', '2021-09-23 00:00:00'),
	(790, '723182349-1', '만화', 'Stim', 'Maye', 'Oodoo', 831, 18461, 'noimage.jpg', 'in libero ut massa volutpat convallis morbi odio odio elementum eu interdum eu', '구편절판', '2021-02-20 00:00:00', '2021-09-23 00:00:00'),
	(791, '835038329-1', '여행', 'Keylex', 'Goldy', 'Jetpulse', 545, 22053, 'noimage.jpg', 'ultrices posuere cubilia curae duis faucibus accumsan odio curabitur convallis duis consequat dui nec', '절판', '2021-08-16 00:00:00', '2021-09-23 00:00:00'),
	(792, '641128639-6', '외국어', 'Temp', 'Mack', 'Meedoo', 841, 23153, 'noimage.jpg', 'sed tristique in tempus sit amet sem fusce consequat nulla nisl nunc nisl duis bibendum felis sed', '판매중', '2021-04-28 00:00:00', '2021-09-23 00:00:00'),
	(793, '920948287-5', '만화', 'Subin', 'Hope', 'DabZ', 365, 27993, 'noimage.jpg', 'tellus nulla ut erat id mauris vulputate elementum nullam varius nulla facilisi cras', '절판', '2021-07-12 00:00:00', '2021-09-23 00:00:00'),
	(794, '210480364-0', '여행', 'Tresom', 'Kipper', 'Wikizz', 959, 8034, 'noimage.jpg', 'ultrices mattis odio donec vitae nisi nam ultrices libero non mattis pulvinar', '판매중', '2020-12-26 00:00:00', '2021-09-23 00:00:00'),
	(795, '220528857-1', '경제', 'Daltfresh', 'Aldric', 'Quatz', 810, 22913, 'noimage.jpg', 'nam nulla integer pede justo lacinia eget tincidunt eget tempus vel pede morbi porttitor lorem', '품절', '2020-12-12 00:00:00', '2021-09-23 00:00:00'),
	(796, '205719381-0', '소설', 'Holdlamis', 'Georgena', 'Meeveo', 587, 16272, 'noimage.jpg', 'tortor quis turpis sed ante vivamus tortor duis mattis egestas metus aenean fermentum donec ut mauris', '판매중', '2021-09-05 00:00:00', '2021-09-23 00:00:00'),
	(797, '202655173-1', '여행', 'Mat Lam Tam', 'Berni', 'Feedspan', 115, 21453, 'noimage.jpg', 'nam nulla integer pede justo lacinia eget tincidunt eget tempus vel', '품절', '2021-07-21 00:00:00', '2021-09-23 00:00:00'),
	(798, '626109658-9', '만화', 'Toughjoyfax', 'Darill', 'JumpXS', 925, 23314, 'noimage.jpg', 'in felis eu sapien cursus vestibulum proin eu mi nulla ac enim', '구편절판', '2021-02-05 00:00:00', '2021-09-23 00:00:00'),
	(799, '109088793-0', '여행', 'Voyatouch', 'Fannie', 'Ailane', 925, 26100, 'noimage.jpg', 'non mi integer ac neque duis bibendum morbi non quam', '판매중', '2020-11-08 00:00:00', '2021-09-23 00:00:00'),
	(800, '256149398-9', '만화', 'Home Ing', 'Kathie', 'Tambee', 506, 12160, 'noimage.jpg', 'vitae nisi nam ultrices libero non mattis pulvinar nulla pede ullamcorper augue', '구편절판', '2020-12-15 00:00:00', '2021-09-23 00:00:00'),
	(801, '836853959-5', '소설', 'Ronstring', 'Alano', 'Vinder', 231, 28037, 'noimage.jpg', 'ut at dolor quis odio consequat varius integer ac leo pellentesque ultrices', '품절', '2021-04-27 00:00:00', '2021-09-23 00:00:00'),
	(802, '701799875-8', '소설', 'Toughjoyfax', 'Kellsie', 'Yakidoo', 483, 22237, 'noimage.jpg', 'vitae mattis nibh ligula nec sem duis aliquam convallis nunc proin at turpis a pede posuere nonummy integer non', '절판', '2021-08-18 00:00:00', '2021-09-23 00:00:00'),
	(803, '954289308-6', '여행', 'Sub-Ex', 'Ninon', 'Cogidoo', 621, 23363, 'noimage.jpg', 'tincidunt ante vel ipsum praesent blandit lacinia erat vestibulum sed', '절판', '2020-11-01 00:00:00', '2021-09-23 00:00:00'),
	(804, '197976950-8', '여행', 'Opela', 'Hildy', 'Tazz', 461, 27917, 'noimage.jpg', 'tortor duis mattis egestas metus aenean fermentum donec ut mauris eget massa tempor convallis', '판매중', '2020-11-21 00:00:00', '2021-09-23 00:00:00'),
	(805, '332949118-3', '경제', 'Lotstring', 'Gerhard', 'Browsecat', 358, 28990, 'noimage.jpg', 'quis tortor id nulla ultrices aliquet maecenas leo odio condimentum id luctus nec molestie', '품절', '2021-07-09 00:00:00', '2021-09-23 00:00:00'),
	(806, '015386939-9', '외국어', 'Aerified', 'Sally', 'Jabbersphere', 100, 15029, 'noimage.jpg', 'pharetra magna vestibulum aliquet ultrices erat tortor sollicitudin mi sit', '구편절판', '2021-07-31 00:00:00', '2021-09-23 00:00:00'),
	(807, '105136785-9', '여행', 'Hatity', 'Koressa', 'Edgeify', 112, 16662, 'noimage.jpg', 'elementum ligula vehicula consequat morbi a ipsum integer a nibh', '판매중', '2021-02-18 00:00:00', '2021-09-23 00:00:00'),
	(808, '934547461-7', '경제', 'Redhold', 'Gerek', 'DabZ', 835, 17037, 'noimage.jpg', 'primis in faucibus orci luctus et ultrices posuere cubilia curae duis faucibus accumsan odio curabitur convallis', '절판', '2021-04-14 00:00:00', '2021-09-23 00:00:00'),
	(809, '494906309-X', '만화', 'Namfix', 'Haleigh', 'Janyx', 370, 13643, 'noimage.jpg', 'in ante vestibulum ante ipsum primis in faucibus orci luctus et ultrices posuere cubilia curae duis', '절판', '2021-04-20 00:00:00', '2021-09-23 00:00:00'),
	(810, '891242445-9', '만화', 'Ventosanzap', 'Corty', 'Meevee', 817, 27194, 'noimage.jpg', 'integer tincidunt ante vel ipsum praesent blandit lacinia erat vestibulum sed magna at nunc commodo placerat praesent', '품절', '2021-01-28 00:00:00', '2021-09-23 00:00:00'),
	(811, '532228089-8', '외국어', 'Alphazap', 'Danit', 'Gigaclub', 379, 8739, 'noimage.jpg', 'justo aliquam quis turpis eget elit sodales scelerisque mauris sit', '절판', '2021-01-12 00:00:00', '2021-09-23 00:00:00'),
	(812, '756841472-8', '여행', 'Temp', 'Dannye', 'Feedfire', 561, 29872, 'noimage.jpg', 'et ultrices posuere cubilia curae nulla dapibus dolor vel est donec odio justo sollicitudin ut suscipit', '구편절판', '2021-06-30 00:00:00', '2021-09-23 00:00:00'),
	(813, '483904635-2', '만화', 'Pannier', 'Michelle', 'Eidel', 411, 15645, 'noimage.jpg', 'dui proin leo odio porttitor id consequat in consequat ut nulla sed accumsan felis ut', '품절', '2021-09-06 00:00:00', '2021-09-23 00:00:00'),
	(814, '408549342-6', '소설', 'Job', 'Cristin', 'Fliptune', 695, 21900, 'noimage.jpg', 'pretium iaculis diam erat fermentum justo nec condimentum neque sapien', '절판', '2021-09-07 00:00:00', '2021-09-23 00:00:00'),
	(815, '183110782-1', '만화', 'Fix San', 'Deloria', 'Wikizz', 961, 8247, 'noimage.jpg', 'felis eu sapien cursus vestibulum proin eu mi nulla ac enim in tempor turpis nec euismod scelerisque quam turpis adipiscing', '구편절판', '2021-02-21 00:00:00', '2021-09-23 00:00:00'),
	(816, '827231482-7', '소설', 'Y-find', 'Alexandro', 'Photobug', 378, 17708, 'noimage.jpg', 'sit amet diam in magna bibendum imperdiet nullam orci pede venenatis non sodales sed tincidunt eu felis fusce', '품절', '2021-01-12 00:00:00', '2021-09-23 00:00:00'),
	(817, '321463132-2', '외국어', 'Tin', 'Moishe', 'Flipbug', 369, 19216, 'noimage.jpg', 'eget eros elementum pellentesque quisque porta volutpat erat quisque erat', '판매중', '2021-06-24 00:00:00', '2021-09-23 00:00:00'),
	(818, '282038479-X', '여행', 'Bitchip', 'Arnoldo', 'Thoughtstorm', 920, 8711, 'noimage.jpg', 'dolor sit amet consectetuer adipiscing elit proin risus praesent lectus vestibulum quam', '품절', '2021-07-15 00:00:00', '2021-09-23 00:00:00'),
	(819, '112365558-8', '외국어', 'Tresom', 'Priscella', 'BlogXS', 648, 21750, 'noimage.jpg', 'sem mauris laoreet ut rhoncus aliquet pulvinar sed nisl nunc', '품절', '2021-08-22 00:00:00', '2021-09-23 00:00:00'),
	(820, '273094728-0', '경제', 'Flowdesk', 'Anstice', 'Jayo', 489, 24505, 'noimage.jpg', 'primis in faucibus orci luctus et ultrices posuere cubilia curae mauris viverra diam vitae quam suspendisse potenti nullam porttitor', '판매중', '2021-03-05 00:00:00', '2021-09-23 00:00:00'),
	(821, '065026932-2', '외국어', 'Keylex', 'Nikolaus', 'Skiptube', 837, 13187, 'noimage.jpg', 'non pretium quis lectus suspendisse potenti in eleifend quam a odio in hac habitasse platea dictumst maecenas ut massa quis', '품절', '2021-06-08 00:00:00', '2021-09-23 00:00:00'),
	(822, '989072373-5', '외국어', 'Tampflex', 'Lura', 'Youbridge', 517, 19468, 'noimage.jpg', 'vulputate vitae nisl aenean lectus pellentesque eget nunc donec quis orci eget orci', '절판', '2021-04-03 00:00:00', '2021-09-23 00:00:00'),
	(823, '461459533-2', '소설', 'Zathin', 'Lemar', 'Linktype', 752, 26176, 'noimage.jpg', 'morbi quis tortor id nulla ultrices aliquet maecenas leo odio condimentum id luctus nec molestie sed', '판매중', '2021-01-02 00:00:00', '2021-09-23 00:00:00'),
	(824, '148663253-X', '만화', 'Tin', 'Lou', 'Thoughtstorm', 693, 13057, 'noimage.jpg', 'donec posuere metus vitae ipsum aliquam non mauris morbi non lectus aliquam sit amet diam in', '품절', '2021-03-18 00:00:00', '2021-09-23 00:00:00'),
	(825, '645988100-6', '경제', 'Tres-Zap', 'Betteanne', 'Riffpath', 256, 19609, 'noimage.jpg', 'mus etiam vel augue vestibulum rutrum rutrum neque aenean auctor gravida', '절판', '2021-09-03 00:00:00', '2021-09-23 00:00:00'),
	(826, '688218558-1', '소설', 'Pannier', 'Gwyneth', 'Jetpulse', 128, 27547, 'noimage.jpg', 'ultrices phasellus id sapien in sapien iaculis congue vivamus metus arcu adipiscing molestie hendrerit at vulputate vitae nisl aenean', '판매중', '2020-11-14 00:00:00', '2021-09-23 00:00:00'),
	(827, '414886660-7', '여행', 'Gembucket', 'Dinnie', 'Divape', 289, 9460, 'noimage.jpg', 'lectus in est risus auctor sed tristique in tempus sit', '판매중', '2021-06-22 00:00:00', '2021-09-23 00:00:00'),
	(828, '133158787-5', '외국어', 'Konklux', 'Vivianna', 'Buzzshare', 299, 20019, 'noimage.jpg', 'in sapien iaculis congue vivamus metus arcu adipiscing molestie hendrerit at vulputate vitae nisl aenean', '판매중', '2020-10-13 00:00:00', '2021-09-23 00:00:00'),
	(829, '361202763-8', '소설', 'Daltfresh', 'Abel', 'Riffpedia', 644, 28297, 'noimage.jpg', 'fringilla rhoncus mauris enim leo rhoncus sed vestibulum sit amet cursus', '구편절판', '2021-07-30 00:00:00', '2021-09-23 00:00:00'),
	(830, '931046679-0', '만화', 'Veribet', 'Jean', 'Wordify', 186, 8149, 'noimage.jpg', 'hac habitasse platea dictumst morbi vestibulum velit id pretium iaculis diam erat fermentum justo nec', '절판', '2021-07-10 00:00:00', '2021-09-23 00:00:00'),
	(831, '536018886-3', '외국어', 'Tres-Zap', 'Isadora', 'Fivebridge', 529, 5420, 'noimage.jpg', 'amet cursus id turpis integer aliquet massa id lobortis convallis tortor risus', '판매중', '2021-04-20 00:00:00', '2021-09-23 00:00:00'),
	(832, '271875575-X', '경제', 'Zathin', 'Barbi', 'Twiyo', 630, 29805, 'noimage.jpg', 'iaculis congue vivamus metus arcu adipiscing molestie hendrerit at vulputate vitae', '절판', '2021-06-11 00:00:00', '2021-09-23 00:00:00'),
	(833, '110861921-5', '만화', 'Andalax', 'Colleen', 'Quire', 803, 10895, 'noimage.jpg', 'et magnis dis parturient montes nascetur ridiculus mus etiam vel augue vestibulum rutrum rutrum neque aenean auctor', '판매중', '2021-01-13 00:00:00', '2021-09-23 00:00:00'),
	(834, '034230823-8', '경제', 'Ventosanzap', 'Diena', 'Twitterbeat', 205, 25694, 'noimage.jpg', 'rhoncus sed vestibulum sit amet cursus id turpis integer aliquet massa id lobortis convallis tortor risus dapibus', '판매중', '2020-10-07 00:00:00', '2021-09-23 00:00:00'),
	(835, '256389675-4', '외국어', 'Bitwolf', 'Sutherlan', 'Avamba', 499, 23837, 'noimage.jpg', 'dapibus nulla suscipit ligula in lacus curabitur at ipsum ac tellus semper', '절판', '2020-12-13 00:00:00', '2021-09-23 00:00:00'),
	(836, '435545536-X', '외국어', 'Voyatouch', 'Adele', 'Voonder', 807, 10502, 'noimage.jpg', 'sed ante vivamus tortor duis mattis egestas metus aenean fermentum donec ut mauris eget massa', '판매중', '2021-07-31 00:00:00', '2021-09-23 00:00:00'),
	(837, '649150219-8', '소설', 'Rank', 'Buffy', 'Rooxo', 820, 29550, 'noimage.jpg', 'risus semper porta volutpat quam pede lobortis ligula sit amet eleifend pede libero quis orci nullam molestie nibh in lectus', '품절', '2021-01-03 00:00:00', '2021-09-23 00:00:00'),
	(838, '041635060-7', '소설', 'Opela', 'Talbert', 'Edgepulse', 958, 20284, 'noimage.jpg', 'enim lorem ipsum dolor sit amet consectetuer adipiscing elit proin interdum mauris non ligula pellentesque ultrices', '절판', '2021-03-21 00:00:00', '2021-09-23 00:00:00'),
	(839, '402026356-6', '외국어', 'Bigtax', 'Giulietta', 'Rhynoodle', 577, 7412, 'noimage.jpg', 'nulla integer pede justo lacinia eget tincidunt eget tempus vel pede morbi porttitor lorem id ligula suspendisse ornare consequat lectus', '구편절판', '2021-08-21 00:00:00', '2021-09-23 00:00:00'),
	(840, '100920567-6', '소설', 'Y-Solowarm', 'Carry', 'Zoomcast', 900, 14413, 'noimage.jpg', 'risus auctor sed tristique in tempus sit amet sem fusce consequat nulla nisl nunc nisl duis bibendum felis', '품절', '2021-08-31 00:00:00', '2021-09-23 00:00:00'),
	(841, '145324403-4', '여행', 'Konklab', 'Tamiko', 'Gabspot', 929, 12338, 'noimage.jpg', 'et ultrices posuere cubilia curae nulla dapibus dolor vel est donec odio justo sollicitudin ut suscipit a feugiat et eros', '판매중', '2020-09-23 00:00:00', '2021-09-23 00:00:00'),
	(842, '713623596-0', '외국어', 'Cardguard', 'Carita', 'Roodel', 707, 22035, 'noimage.jpg', 'libero nullam sit amet turpis elementum ligula vehicula consequat morbi a ipsum integer a', '절판', '2021-05-20 00:00:00', '2021-09-23 00:00:00'),
	(843, '331059587-0', '여행', 'Regrant', 'Vale', 'Thoughtstorm', 119, 7259, 'noimage.jpg', 'id ornare imperdiet sapien urna pretium nisl ut volutpat sapien arcu sed', '절판', '2021-07-13 00:00:00', '2021-09-23 00:00:00'),
	(844, '816060479-3', '경제', 'Alphazap', 'Kippy', 'Mycat', 651, 23963, 'noimage.jpg', 'libero convallis eget eleifend luctus ultricies eu nibh quisque id justo sit amet sapien dignissim vestibulum vestibulum ante ipsum primis', '절판', '2021-08-15 00:00:00', '2021-09-23 00:00:00'),
	(845, '889205486-4', '외국어', 'Temp', 'Pauly', 'Divape', 483, 27485, 'noimage.jpg', 'et ultrices posuere cubilia curae mauris viverra diam vitae quam', '판매중', '2021-05-07 00:00:00', '2021-09-23 00:00:00'),
	(846, '066761740-X', '경제', 'Wrapsafe', 'Archer', 'Browsezoom', 342, 20720, 'noimage.jpg', 'dui nec nisi volutpat eleifend donec ut dolor morbi vel lectus in quam fringilla', '품절', '2020-12-29 00:00:00', '2021-09-23 00:00:00'),
	(847, '220958864-2', '만화', 'Voltsillam', 'Pamela', 'Miboo', 220, 14689, 'noimage.jpg', 'luctus et ultrices posuere cubilia curae duis faucibus accumsan odio curabitur', '판매중', '2021-02-16 00:00:00', '2021-09-23 00:00:00'),
	(848, '728109563-5', '만화', 'Overhold', 'Brade', 'Skinix', 858, 28255, 'noimage.jpg', 'elit proin interdum mauris non ligula pellentesque ultrices phasellus id sapien in sapien iaculis congue vivamus metus', '절판', '2021-04-21 00:00:00', '2021-09-23 00:00:00'),
	(849, '882659787-1', '만화', 'Opela', 'Lanita', 'Youspan', 411, 16897, 'noimage.jpg', 'vitae mattis nibh ligula nec sem duis aliquam convallis nunc proin at turpis a pede posuere nonummy integer', '품절', '2021-06-14 00:00:00', '2021-09-23 00:00:00'),
	(850, '991058658-4', '경제', 'Subin', 'Mala', 'Browsetype', 575, 19629, 'noimage.jpg', 'turpis a pede posuere nonummy integer non velit donec diam neque vestibulum', '절판', '2021-08-30 00:00:00', '2021-09-23 00:00:00'),
	(851, '416496365-4', '경제', 'Aerified', 'Ynez', 'Zoomzone', 629, 9064, 'noimage.jpg', 'massa volutpat convallis morbi odio odio elementum eu interdum eu tincidunt in', '판매중', '2021-06-17 00:00:00', '2021-09-23 00:00:00'),
	(852, '038554829-X', '여행', 'Toughjoyfax', 'Kerwin', 'Photofeed', 393, 21042, 'noimage.jpg', 'ridiculus mus vivamus vestibulum sagittis sapien cum sociis natoque penatibus et magnis', '절판', '2020-12-14 00:00:00', '2021-09-23 00:00:00'),
	(853, '242774167-1', '여행', 'Prodder', 'Dulciana', 'Trupe', 233, 10149, 'noimage.jpg', 'suspendisse accumsan tortor quis turpis sed ante vivamus tortor duis mattis egestas', '절판', '2021-01-05 00:00:00', '2021-09-23 00:00:00'),
	(854, '623446511-0', '소설', 'Subin', 'Hobey', 'Agivu', 643, 21413, 'noimage.jpg', 'nunc nisl duis bibendum felis sed interdum venenatis turpis enim blandit mi in porttitor pede justo eu massa donec', '구편절판', '2021-08-09 00:00:00', '2021-09-23 00:00:00'),
	(855, '781901683-3', '소설', 'Prodder', 'Philly', 'Aimbo', 660, 21870, 'noimage.jpg', 'in hac habitasse platea dictumst maecenas ut massa quis augue luctus tincidunt', '구편절판', '2020-09-30 00:00:00', '2021-09-23 00:00:00'),
	(856, '025666287-8', '외국어', 'Prodder', 'Casandra', 'Trudoo', 657, 5060, 'noimage.jpg', 'vestibulum sed magna at nunc commodo placerat praesent blandit nam nulla integer pede justo lacinia eget tincidunt eget tempus', '구편절판', '2021-06-25 00:00:00', '2021-09-23 00:00:00'),
	(857, '334045272-5', '만화', 'Bitwolf', 'Emlen', 'Edgeify', 330, 6088, 'noimage.jpg', 'dictumst maecenas ut massa quis augue luctus tincidunt nulla mollis molestie lorem', '판매중', '2021-02-20 00:00:00', '2021-09-23 00:00:00'),
	(858, '145690771-9', '만화', 'Regrant', 'Paulina', 'Jamia', 118, 13676, 'noimage.jpg', 'platea dictumst aliquam augue quam sollicitudin vitae consectetuer eget rutrum at lorem', '판매중', '2021-01-28 00:00:00', '2021-09-23 00:00:00'),
	(859, '268570330-6', '만화', 'Regrant', 'Nadine', 'Babbleopia', 304, 6527, 'noimage.jpg', 'lorem vitae mattis nibh ligula nec sem duis aliquam convallis nunc proin at turpis a pede posuere nonummy integer', '구편절판', '2021-01-20 00:00:00', '2021-09-23 00:00:00'),
	(860, '687109243-9', '소설', 'It', 'Carlene', 'Roodel', 695, 25665, 'noimage.jpg', 'proin interdum mauris non ligula pellentesque ultrices phasellus id sapien in sapien', '절판', '2021-08-12 00:00:00', '2021-09-23 00:00:00'),
	(861, '970707970-3', '외국어', 'Fintone', 'Jeanelle', 'Trudoo', 229, 15333, 'noimage.jpg', 'massa id nisl venenatis lacinia aenean sit amet justo morbi ut odio cras mi', '구편절판', '2021-03-08 00:00:00', '2021-09-23 00:00:00'),
	(862, '665651243-7', '소설', 'Bigtax', 'Jany', 'Topicstorm', 929, 21077, 'noimage.jpg', 'potenti cras in purus eu magna vulputate luctus cum sociis natoque penatibus et magnis', '구편절판', '2021-01-13 00:00:00', '2021-09-23 00:00:00'),
	(863, '930190509-4', '여행', 'Span', 'Astrix', 'Avaveo', 703, 17198, 'noimage.jpg', 'curae nulla dapibus dolor vel est donec odio justo sollicitudin ut suscipit a feugiat et', '판매중', '2020-10-08 00:00:00', '2021-09-23 00:00:00'),
	(864, '565732197-9', '여행', 'Redhold', 'Jewelle', 'Thoughtsphere', 930, 20128, 'noimage.jpg', 'in lectus pellentesque at nulla suspendisse potenti cras in purus eu magna vulputate luctus cum sociis natoque penatibus', '구편절판', '2021-03-27 00:00:00', '2021-09-23 00:00:00'),
	(865, '196432882-9', '외국어', 'Subin', 'Kimberli', 'Ntag', 577, 17763, 'noimage.jpg', 'mollis molestie lorem quisque ut erat curabitur gravida nisi at nibh in hac', '절판', '2021-01-06 00:00:00', '2021-09-23 00:00:00'),
	(866, '704817192-8', '만화', 'Vagram', 'Kristin', 'Yadel', 649, 22126, 'noimage.jpg', 'faucibus orci luctus et ultrices posuere cubilia curae mauris viverra diam vitae quam suspendisse', '판매중', '2021-04-17 00:00:00', '2021-09-23 00:00:00'),
	(867, '945782782-1', '소설', 'Bitchip', 'Lukas', 'Edgepulse', 979, 9264, 'noimage.jpg', 'orci vehicula condimentum curabitur in libero ut massa volutpat convallis morbi odio odio elementum eu interdum eu tincidunt in leo', '구편절판', '2021-08-09 00:00:00', '2021-09-23 00:00:00'),
	(868, '046593130-8', '소설', 'Fixflex', 'Edythe', 'Browsedrive', 918, 14349, 'noimage.jpg', 'urna ut tellus nulla ut erat id mauris vulputate elementum nullam varius nulla facilisi cras non velit', '구편절판', '2021-02-06 00:00:00', '2021-09-23 00:00:00'),
	(869, '553054464-9', '경제', 'Treeflex', 'Forest', 'Eabox', 327, 8609, 'noimage.jpg', 'tincidunt ante vel ipsum praesent blandit lacinia erat vestibulum sed magna at nunc commodo', '구편절판', '2021-03-25 00:00:00', '2021-09-23 00:00:00'),
	(870, '776354493-7', '여행', 'Zontrax', 'Dianna', 'Meemm', 698, 26645, 'noimage.jpg', 'dapibus nulla suscipit ligula in lacus curabitur at ipsum ac tellus semper interdum mauris ullamcorper purus sit amet nulla quisque', '품절', '2021-05-17 00:00:00', '2021-09-23 00:00:00'),
	(871, '237012086-X', '경제', 'Aerified', 'Eula', 'Devify', 737, 16422, 'noimage.jpg', 'nec nisi volutpat eleifend donec ut dolor morbi vel lectus in', '절판', '2020-10-10 00:00:00', '2021-09-23 00:00:00'),
	(872, '525120158-3', '소설', 'Treeflex', 'Janenna', 'Realfire', 534, 16815, 'noimage.jpg', 'dui luctus rutrum nulla tellus in sagittis dui vel nisl duis ac nibh fusce lacus', '품절', '2020-12-27 00:00:00', '2021-09-23 00:00:00'),
	(873, '289375888-6', '여행', 'Flowdesk', 'Zsazsa', 'Oodoo', 179, 9606, 'noimage.jpg', 'pellentesque ultrices mattis odio donec vitae nisi nam ultrices libero', '품절', '2020-10-18 00:00:00', '2021-09-23 00:00:00'),
	(874, '660739836-7', '소설', 'Fixflex', 'Cathleen', 'Eazzy', 279, 14246, 'noimage.jpg', 'vestibulum proin eu mi nulla ac enim in tempor turpis nec euismod scelerisque quam turpis adipiscing lorem vitae mattis', '판매중', '2021-09-21 00:00:00', '2021-09-23 00:00:00'),
	(875, '518157676-1', '여행', 'Fix San', 'Lark', 'Yoveo', 408, 12635, 'noimage.jpg', 'id consequat in consequat ut nulla sed accumsan felis ut at dolor quis odio consequat varius integer ac leo pellentesque', '구편절판', '2020-10-22 00:00:00', '2021-09-23 00:00:00'),
	(876, '396311100-3', '경제', 'Mat Lam Tam', 'Ronna', 'Devify', 516, 12967, 'noimage.jpg', 'lacinia aenean sit amet justo morbi ut odio cras mi pede malesuada in imperdiet et commodo vulputate justo in blandit', '구편절판', '2021-02-19 00:00:00', '2021-09-23 00:00:00'),
	(877, '942328007-2', '외국어', 'Otcom', 'Rebekkah', 'Layo', 491, 16211, 'noimage.jpg', 'ipsum praesent blandit lacinia erat vestibulum sed magna at nunc commodo placerat praesent blandit nam nulla integer pede justo lacinia', '판매중', '2021-09-16 00:00:00', '2021-09-23 00:00:00'),
	(878, '896728270-2', '경제', 'Gembucket', 'Delcina', 'Tekfly', 130, 5669, 'noimage.jpg', 'etiam pretium iaculis justo in hac habitasse platea dictumst etiam faucibus cursus urna ut tellus nulla ut erat id', '판매중', '2021-09-17 00:00:00', '2021-09-23 00:00:00'),
	(879, '795143826-X', '만화', 'Konklux', 'Merrick', 'Oba', 576, 28199, 'noimage.jpg', 'consequat in consequat ut nulla sed accumsan felis ut at dolor quis odio consequat varius integer ac leo', '구편절판', '2020-10-30 00:00:00', '2021-09-23 00:00:00'),
	(880, '023498506-2', '소설', 'Treeflex', 'Agata', 'Jabbersphere', 816, 22088, 'noimage.jpg', 'hendrerit at vulputate vitae nisl aenean lectus pellentesque eget nunc donec', '판매중', '2021-07-19 00:00:00', '2021-09-23 00:00:00'),
	(881, '833898582-1', '만화', 'Bitwolf', 'Aurore', 'Flashpoint', 495, 6752, 'noimage.jpg', 'aliquam erat volutpat in congue etiam justo etiam pretium iaculis justo in hac habitasse platea dictumst etiam faucibus cursus urna', '판매중', '2021-02-20 00:00:00', '2021-09-23 00:00:00'),
	(882, '918277918-X', '만화', 'Bigtax', 'Bronny', 'Minyx', 145, 24957, 'noimage.jpg', 'quis lectus suspendisse potenti in eleifend quam a odio in hac habitasse platea dictumst maecenas', '절판', '2020-12-28 00:00:00', '2021-09-23 00:00:00'),
	(883, '463249211-6', '만화', 'Overhold', 'Shandee', 'Flashspan', 594, 18059, 'noimage.jpg', 'dolor quis odio consequat varius integer ac leo pellentesque ultrices mattis odio donec vitae nisi nam ultrices libero non mattis', '품절', '2020-10-23 00:00:00', '2021-09-23 00:00:00'),
	(884, '579805123-4', '경제', 'Lotstring', 'Joellyn', 'Twitterworks', 768, 11037, 'noimage.jpg', 'sit amet consectetuer adipiscing elit proin interdum mauris non ligula pellentesque ultrices phasellus id sapien in sapien iaculis congue', '절판', '2021-06-16 00:00:00', '2021-09-23 00:00:00'),
	(885, '672729448-8', '경제', 'Zontrax', 'Denise', 'Browsebug', 835, 9115, 'noimage.jpg', 'condimentum id luctus nec molestie sed justo pellentesque viverra pede ac diam cras pellentesque volutpat dui maecenas', '판매중', '2021-01-21 00:00:00', '2021-09-23 00:00:00'),
	(886, '054337715-6', '여행', 'Vagram', 'Ericha', 'Oyoyo', 129, 13470, 'noimage.jpg', 'suscipit a feugiat et eros vestibulum ac est lacinia nisi venenatis tristique fusce congue diam id ornare imperdiet sapien urna', '품절', '2020-12-24 00:00:00', '2021-09-23 00:00:00'),
	(887, '560787562-8', '만화', 'Greenlam', 'Coleen', 'Quaxo', 563, 27500, 'noimage.jpg', 'eu orci mauris lacinia sapien quis libero nullam sit amet turpis elementum', '품절', '2021-05-16 00:00:00', '2021-09-23 00:00:00'),
	(888, '945885895-X', '소설', 'Sonair', 'Rice', 'Thoughtstorm', 804, 29843, 'noimage.jpg', 'arcu sed augue aliquam erat volutpat in congue etiam justo', '절판', '2021-04-15 00:00:00', '2021-09-23 00:00:00'),
	(889, '498042597-6', '경제', 'Flexidy', 'Olivero', 'Linkbridge', 174, 15511, 'noimage.jpg', 'luctus tincidunt nulla mollis molestie lorem quisque ut erat curabitur gravida nisi at nibh in hac habitasse platea dictumst aliquam', '절판', '2021-05-21 00:00:00', '2021-09-23 00:00:00'),
	(890, '750725722-3', '외국어', 'Subin', 'Dimitri', 'Roodel', 855, 16600, 'noimage.jpg', 'sollicitudin ut suscipit a feugiat et eros vestibulum ac est lacinia nisi venenatis tristique fusce congue diam', '판매중', '2021-07-29 00:00:00', '2021-09-23 00:00:00'),
	(891, '091067315-2', '소설', 'Cardguard', 'Camila', 'Feedmix', 778, 15368, 'noimage.jpg', 'ipsum ac tellus semper interdum mauris ullamcorper purus sit amet nulla quisque arcu libero', '절판', '2021-05-14 00:00:00', '2021-09-23 00:00:00'),
	(892, '575571081-3', '여행', 'Subin', 'Tildy', 'Twimm', 867, 20680, 'noimage.jpg', 'magnis dis parturient montes nascetur ridiculus mus vivamus vestibulum sagittis sapien cum sociis natoque', '품절', '2021-08-29 00:00:00', '2021-09-23 00:00:00'),
	(893, '517823454-5', '경제', 'Daltfresh', 'Rancell', 'Twitterlist', 200, 14356, 'noimage.jpg', 'sagittis dui vel nisl duis ac nibh fusce lacus purus aliquet at feugiat non pretium quis lectus suspendisse potenti in', '판매중', '2020-12-07 00:00:00', '2021-09-23 00:00:00'),
	(894, '662310018-0', '경제', 'Latlux', 'Ruby', 'Trudoo', 856, 26487, 'noimage.jpg', 'felis fusce posuere felis sed lacus morbi sem mauris laoreet', '품절', '2021-08-01 00:00:00', '2021-09-23 00:00:00'),
	(895, '920977783-2', '외국어', 'Tempsoft', 'Sunshine', 'Youbridge', 169, 22922, 'noimage.jpg', 'ipsum aliquam non mauris morbi non lectus aliquam sit amet diam in magna bibendum imperdiet nullam orci pede venenatis non', '판매중', '2020-12-27 00:00:00', '2021-09-23 00:00:00'),
	(896, '311918520-5', '소설', 'Rank', 'Berkley', 'Skynoodle', 923, 17768, 'noimage.jpg', 'id mauris vulputate elementum nullam varius nulla facilisi cras non velit nec nisi vulputate nonummy maecenas tincidunt lacus at velit', '구편절판', '2020-12-22 00:00:00', '2021-09-23 00:00:00'),
	(897, '751445978-2', '외국어', 'Daltfresh', 'Verile', 'Yombu', 644, 16608, 'noimage.jpg', 'sed nisl nunc rhoncus dui vel sem sed sagittis nam congue risus semper porta volutpat quam pede lobortis ligula sit', '절판', '2020-10-28 00:00:00', '2021-09-23 00:00:00'),
	(898, '375720276-7', '여행', 'Matsoft', 'Lambert', 'Viva', 362, 27901, 'noimage.jpg', 'aliquam quis turpis eget elit sodales scelerisque mauris sit amet eros suspendisse accumsan tortor', '품절', '2020-11-27 00:00:00', '2021-09-23 00:00:00'),
	(899, '712617618-X', '소설', 'Tempsoft', 'Tildi', 'Voolia', 310, 26820, 'noimage.jpg', 'at velit eu est congue elementum in hac habitasse platea dictumst morbi', '구편절판', '2021-08-01 00:00:00', '2021-09-23 00:00:00'),
	(900, '172881047-7', '여행', 'Tampflex', 'Waldon', 'Meeveo', 585, 13713, 'noimage.jpg', 'sapien varius ut blandit non interdum in ante vestibulum ante ipsum primis in faucibus orci luctus et ultrices', '품절', '2021-06-21 00:00:00', '2021-09-23 00:00:00'),
	(901, '189464074-8', '소설', 'Kanlam', 'Ofelia', 'Meezzy', 588, 25858, 'noimage.jpg', 'morbi sem mauris laoreet ut rhoncus aliquet pulvinar sed nisl nunc rhoncus dui vel sem sed sagittis nam congue', '절판', '2021-08-22 00:00:00', '2021-09-23 00:00:00'),
	(902, '017727066-7', '외국어', 'Gembucket', 'Frankie', 'Edgepulse', 347, 28930, 'noimage.jpg', 'cum sociis natoque penatibus et magnis dis parturient montes nascetur ridiculus mus etiam vel augue', '구편절판', '2021-06-25 00:00:00', '2021-09-23 00:00:00'),
	(903, '233996100-9', '여행', 'Konklab', 'Krissie', 'Katz', 507, 17995, 'noimage.jpg', 'ullamcorper purus sit amet nulla quisque arcu libero rutrum ac lobortis', '품절', '2020-10-27 00:00:00', '2021-09-23 00:00:00'),
	(904, '018973071-4', '외국어', 'Alphazap', 'Jacquie', 'Oyondu', 843, 16068, 'noimage.jpg', 'purus aliquet at feugiat non pretium quis lectus suspendisse potenti in eleifend quam a odio in hac', '판매중', '2021-04-19 00:00:00', '2021-09-23 00:00:00'),
	(905, '875939284-3', '여행', 'Flexidy', 'Blondell', 'Realblab', 793, 5391, 'noimage.jpg', 'consequat morbi a ipsum integer a nibh in quis justo maecenas rhoncus aliquam lacus morbi', '구편절판', '2021-01-23 00:00:00', '2021-09-23 00:00:00'),
	(906, '636683128-9', '외국어', 'Konklab', 'Ailsun', 'Mybuzz', 878, 15785, 'noimage.jpg', 'ullamcorper purus sit amet nulla quisque arcu libero rutrum ac lobortis', '구편절판', '2020-10-12 00:00:00', '2021-09-23 00:00:00'),
	(907, '634618716-3', '만화', 'Namfix', 'Marchelle', 'Skilith', 118, 27496, 'noimage.jpg', 'lectus in quam fringilla rhoncus mauris enim leo rhoncus sed vestibulum sit amet cursus id turpis integer aliquet', '절판', '2020-10-25 00:00:00', '2021-09-23 00:00:00'),
	(908, '527725656-3', '여행', 'Overhold', 'Kelby', 'Flashset', 869, 27249, 'noimage.jpg', 'tempor convallis nulla neque libero convallis eget eleifend luctus ultricies eu nibh', '판매중', '2020-10-03 00:00:00', '2021-09-23 00:00:00'),
	(909, '652190324-1', '여행', 'Sonair', 'Cordell', 'Edgetag', 423, 12234, 'noimage.jpg', 'platea dictumst aliquam augue quam sollicitudin vitae consectetuer eget rutrum at lorem integer tincidunt ante vel ipsum praesent', '품절', '2021-03-15 00:00:00', '2021-09-23 00:00:00'),
	(910, '477303720-2', '만화', 'Otcom', 'Noel', 'Trudeo', 721, 26978, 'noimage.jpg', 'luctus et ultrices posuere cubilia curae nulla dapibus dolor vel est', '절판', '2021-07-27 00:00:00', '2021-09-23 00:00:00'),
	(911, '736451850-9', '여행', 'Tresom', 'Murdoch', 'Dabvine', 723, 16970, 'noimage.jpg', 'lorem quisque ut erat curabitur gravida nisi at nibh in hac habitasse platea', '절판', '2021-07-23 00:00:00', '2021-09-23 00:00:00'),
	(912, '900649640-5', '여행', 'Flexidy', 'Lazaro', 'Teklist', 867, 19179, 'noimage.jpg', 'amet nunc viverra dapibus nulla suscipit ligula in lacus curabitur', '절판', '2021-04-09 00:00:00', '2021-09-23 00:00:00'),
	(913, '485720959-4', '소설', 'Lotstring', 'Mady', 'Eamia', 154, 5577, 'noimage.jpg', 'in quis justo maecenas rhoncus aliquam lacus morbi quis tortor id nulla ultrices aliquet maecenas leo odio condimentum id', '품절', '2021-06-09 00:00:00', '2021-09-23 00:00:00'),
	(914, '762485670-0', '외국어', 'Rank', 'Murry', 'Dabtype', 767, 20906, 'noimage.jpg', 'eget rutrum at lorem integer tincidunt ante vel ipsum praesent blandit lacinia erat vestibulum sed magna at nunc', '구편절판', '2020-09-28 00:00:00', '2021-09-23 00:00:00'),
	(915, '161180744-1', '소설', 'Regrant', 'Hymie', 'Jazzy', 582, 24164, 'noimage.jpg', 'id sapien in sapien iaculis congue vivamus metus arcu adipiscing', '구편절판', '2021-05-06 00:00:00', '2021-09-23 00:00:00'),
	(916, '851118037-0', '소설', 'Gembucket', 'Maximo', 'Meemm', 780, 7398, 'noimage.jpg', 'amet consectetuer adipiscing elit proin risus praesent lectus vestibulum quam sapien varius ut blandit non interdum in ante vestibulum ante', '품절', '2020-11-19 00:00:00', '2021-09-23 00:00:00'),
	(917, '121987936-3', '여행', 'Latlux', 'Fabe', 'Geba', 810, 6215, 'noimage.jpg', 'urna pretium nisl ut volutpat sapien arcu sed augue aliquam erat volutpat in congue etiam justo etiam pretium iaculis', '판매중', '2021-01-25 00:00:00', '2021-09-23 00:00:00'),
	(918, '096243492-2', '만화', 'Kanlam', 'Merry', 'Linkbridge', 924, 15944, 'noimage.jpg', 'non quam nec dui luctus rutrum nulla tellus in sagittis dui vel', '구편절판', '2021-09-01 00:00:00', '2021-09-23 00:00:00'),
	(919, '352183475-1', '외국어', 'Voyatouch', 'Candis', 'Snaptags', 237, 16207, 'noimage.jpg', 'felis sed lacus morbi sem mauris laoreet ut rhoncus aliquet pulvinar sed', '절판', '2020-10-17 00:00:00', '2021-09-23 00:00:00'),
	(920, '694185608-4', '여행', 'Latlux', 'Geri', 'Voomm', 856, 9857, 'noimage.jpg', 'sit amet consectetuer adipiscing elit proin risus praesent lectus vestibulum', '구편절판', '2021-02-15 00:00:00', '2021-09-23 00:00:00'),
	(921, '786109879-6', '외국어', 'Toughjoyfax', 'Piotr', 'Pixoboo', 653, 27361, 'noimage.jpg', 'consectetuer adipiscing elit proin interdum mauris non ligula pellentesque ultrices phasellus', '판매중', '2021-03-26 00:00:00', '2021-09-23 00:00:00'),
	(922, '029067246-5', '여행', 'Domainer', 'Sharlene', 'Edgewire', 601, 18606, 'noimage.jpg', 'pede ullamcorper augue a suscipit nulla elit ac nulla sed vel enim sit amet nunc viverra', '판매중', '2020-10-17 00:00:00', '2021-09-23 00:00:00'),
	(923, '839416848-5', '소설', 'Y-find', 'Humfrey', 'Babbleset', 305, 14779, 'noimage.jpg', 'nullam porttitor lacus at turpis donec posuere metus vitae ipsum aliquam non mauris morbi non lectus aliquam', '절판', '2021-01-21 00:00:00', '2021-09-23 00:00:00'),
	(924, '851665653-5', '소설', 'Stronghold', 'Agata', 'Pixonyx', 753, 9913, 'noimage.jpg', 'scelerisque mauris sit amet eros suspendisse accumsan tortor quis turpis sed ante vivamus', '절판', '2020-10-25 00:00:00', '2021-09-23 00:00:00'),
	(925, '603188648-0', '외국어', 'Transcof', 'Orson', 'Realblab', 308, 11926, 'noimage.jpg', 'cras pellentesque volutpat dui maecenas tristique est et tempus semper est quam', '판매중', '2020-09-30 00:00:00', '2021-09-23 00:00:00'),
	(926, '605904792-0', '외국어', 'Stronghold', 'Vitia', 'Browsedrive', 720, 9322, 'noimage.jpg', 'quis turpis eget elit sodales scelerisque mauris sit amet eros suspendisse accumsan tortor quis turpis', '구편절판', '2021-04-11 00:00:00', '2021-09-23 00:00:00'),
	(927, '443241146-5', '소설', 'Domainer', 'Celia', 'Twitterwire', 816, 18672, 'noimage.jpg', 'risus auctor sed tristique in tempus sit amet sem fusce consequat nulla nisl nunc nisl', '구편절판', '2021-01-30 00:00:00', '2021-09-23 00:00:00'),
	(928, '389234376-4', '여행', 'Bigtax', 'Timothy', 'Twiyo', 598, 11664, 'noimage.jpg', 'sed nisl nunc rhoncus dui vel sem sed sagittis nam congue risus semper porta volutpat quam pede lobortis', '절판', '2020-10-09 00:00:00', '2021-09-23 00:00:00'),
	(929, '742792187-9', '여행', 'Alphazap', 'Carena', 'Wordware', 289, 25258, 'noimage.jpg', 'penatibus et magnis dis parturient montes nascetur ridiculus mus vivamus', '절판', '2021-03-22 00:00:00', '2021-09-23 00:00:00'),
	(930, '572570060-7', '만화', 'Gembucket', 'Avictor', 'Yotz', 342, 9644, 'noimage.jpg', 'orci luctus et ultrices posuere cubilia curae nulla dapibus dolor vel est donec odio justo sollicitudin ut', '구편절판', '2021-07-02 00:00:00', '2021-09-23 00:00:00'),
	(931, '279558266-X', '소설', 'Aerified', 'Harwell', 'Ooba', 754, 5374, 'noimage.jpg', 'convallis tortor risus dapibus augue vel accumsan tellus nisi eu orci mauris', '판매중', '2020-11-15 00:00:00', '2021-09-23 00:00:00'),
	(932, '368150092-4', '외국어', 'Y-find', 'Cher', 'Talane', 233, 13760, 'noimage.jpg', 'donec semper sapien a libero nam dui proin leo odio porttitor id consequat in consequat ut', '품절', '2021-06-11 00:00:00', '2021-09-23 00:00:00'),
	(933, '503061330-7', '외국어', 'Quo Lux', 'Caryn', 'Dynazzy', 667, 8619, 'noimage.jpg', 'eros elementum pellentesque quisque porta volutpat erat quisque erat eros viverra eget congue eget semper rutrum nulla nunc purus phasellus', '구편절판', '2021-02-22 00:00:00', '2021-09-23 00:00:00'),
	(934, '464085605-9', '소설', 'Latlux', 'Dallas', 'Talane', 994, 24853, 'noimage.jpg', 'luctus et ultrices posuere cubilia curae nulla dapibus dolor vel est donec odio justo sollicitudin', '판매중', '2021-08-06 00:00:00', '2021-09-23 00:00:00'),
	(935, '692530609-1', '외국어', 'Sonsing', 'Den', 'Innotype', 829, 15489, 'noimage.jpg', 'eu felis fusce posuere felis sed lacus morbi sem mauris laoreet ut rhoncus aliquet pulvinar sed nisl nunc rhoncus', '품절', '2020-10-07 00:00:00', '2021-09-23 00:00:00'),
	(936, '445530965-9', '여행', 'Bigtax', 'Jaimie', 'Devbug', 635, 15259, 'noimage.jpg', 'massa id nisl venenatis lacinia aenean sit amet justo morbi ut odio cras mi pede malesuada', '절판', '2021-01-19 00:00:00', '2021-09-23 00:00:00'),
	(937, '632546487-7', '외국어', 'It', 'Tadd', 'Jaxspan', 510, 10624, 'noimage.jpg', 'dis parturient montes nascetur ridiculus mus vivamus vestibulum sagittis sapien cum sociis natoque penatibus et magnis dis parturient', '판매중', '2021-01-29 00:00:00', '2021-09-23 00:00:00'),
	(938, '222242595-6', '소설', 'Y-find', 'Carolann', 'Mudo', 222, 20162, 'noimage.jpg', 'nulla sed vel enim sit amet nunc viverra dapibus nulla', '품절', '2021-03-26 00:00:00', '2021-09-23 00:00:00'),
	(939, '618198108-X', '만화', 'Fintone', 'Jori', 'Rhycero', 233, 15236, 'noimage.jpg', 'nulla suspendisse potenti cras in purus eu magna vulputate luctus cum sociis natoque penatibus et magnis', '판매중', '2021-05-02 00:00:00', '2021-09-23 00:00:00'),
	(940, '191873019-9', '여행', 'Temp', 'Cobbie', 'Pixoboo', 803, 13051, 'noimage.jpg', 'felis eu sapien cursus vestibulum proin eu mi nulla ac enim in tempor', '품절', '2021-01-06 00:00:00', '2021-09-23 00:00:00'),
	(941, '053254850-7', '외국어', 'Kanlam', 'Doug', 'Voomm', 357, 7866, 'noimage.jpg', 'nisi nam ultrices libero non mattis pulvinar nulla pede ullamcorper augue a suscipit', '구편절판', '2021-09-10 00:00:00', '2021-09-23 00:00:00'),
	(942, '304874621-8', '경제', 'Stronghold', 'Deina', 'Brainsphere', 438, 21529, 'noimage.jpg', 'sapien urna pretium nisl ut volutpat sapien arcu sed augue aliquam erat volutpat in congue', '구편절판', '2020-09-24 00:00:00', '2021-09-23 00:00:00'),
	(943, '681524723-6', '경제', 'Cardguard', 'Kaiser', 'Gabcube', 928, 15151, 'noimage.jpg', 'ligula suspendisse ornare consequat lectus in est risus auctor sed tristique in tempus sit amet sem fusce consequat nulla nisl', '판매중', '2021-09-20 00:00:00', '2021-09-23 00:00:00'),
	(944, '776845972-5', '경제', 'Tempsoft', 'Vanni', 'Jabbercube', 849, 13577, 'noimage.jpg', 'dictumst maecenas ut massa quis augue luctus tincidunt nulla mollis molestie lorem quisque ut erat curabitur gravida', '구편절판', '2021-06-17 00:00:00', '2021-09-23 00:00:00'),
	(945, '663131776-2', '소설', 'Greenlam', 'Joanna', 'Roodel', 568, 10128, 'noimage.jpg', 'amet nulla quisque arcu libero rutrum ac lobortis vel dapibus at diam nam tristique tortor', '절판', '2021-02-15 00:00:00', '2021-09-23 00:00:00'),
	(946, '389885777-8', '만화', 'Kanlam', 'Camilla', 'Realfire', 970, 18651, 'noimage.jpg', 'vel accumsan tellus nisi eu orci mauris lacinia sapien quis', '판매중', '2021-06-03 00:00:00', '2021-09-23 00:00:00'),
	(947, '249545726-6', '경제', 'Sonsing', 'Nadean', 'Cogilith', 757, 21271, 'noimage.jpg', 'semper interdum mauris ullamcorper purus sit amet nulla quisque arcu libero', '절판', '2021-05-07 00:00:00', '2021-09-23 00:00:00'),
	(948, '060150449-6', '여행', 'Overhold', 'Nickey', 'Flashpoint', 430, 7861, 'noimage.jpg', 'ultrices posuere cubilia curae duis faucibus accumsan odio curabitur convallis duis consequat dui nec', '절판', '2021-07-25 00:00:00', '2021-09-23 00:00:00'),
	(949, '910122739-4', '외국어', 'Fixflex', 'Brina', 'Jabberbean', 367, 7663, 'noimage.jpg', 'condimentum id luctus nec molestie sed justo pellentesque viverra pede', '절판', '2021-05-23 00:00:00', '2021-09-23 00:00:00'),
	(950, '984818447-3', '소설', 'Greenlam', 'Any', 'Mynte', 472, 17842, 'noimage.jpg', 'dolor vel est donec odio justo sollicitudin ut suscipit a feugiat et', '판매중', '2021-03-31 00:00:00', '2021-09-23 00:00:00'),
	(951, '299844698-1', '여행', 'Tampflex', 'Moreen', 'Dazzlesphere', 566, 23333, 'noimage.jpg', 'in hac habitasse platea dictumst etiam faucibus cursus urna ut tellus nulla', '판매중', '2020-12-06 00:00:00', '2021-09-23 00:00:00'),
	(952, '873360556-4', '만화', 'Home Ing', 'Gill', 'Divavu', 717, 28973, 'noimage.jpg', 'elit proin interdum mauris non ligula pellentesque ultrices phasellus id sapien in sapien iaculis congue vivamus metus arcu adipiscing', '절판', '2021-05-24 00:00:00', '2021-09-23 00:00:00'),
	(953, '352213030-8', '여행', 'Sonsing', 'Lee', 'Nlounge', 605, 5537, 'noimage.jpg', 'ante vel ipsum praesent blandit lacinia erat vestibulum sed magna at nunc commodo placerat', '판매중', '2021-05-20 00:00:00', '2021-09-23 00:00:00'),
	(954, '147664678-3', '여행', 'It', 'Sydelle', 'Camimbo', 951, 9315, 'noimage.jpg', 'odio curabitur convallis duis consequat dui nec nisi volutpat eleifend donec ut dolor', '판매중', '2021-08-19 00:00:00', '2021-09-23 00:00:00'),
	(955, '464983896-7', '소설', 'Subin', 'Kandace', 'Yodoo', 184, 22767, 'noimage.jpg', 'consequat nulla nisl nunc nisl duis bibendum felis sed interdum venenatis turpis enim blandit mi', '절판', '2021-04-09 00:00:00', '2021-09-23 00:00:00'),
	(956, '335943325-4', '외국어', 'Tin', 'Loni', 'Edgeclub', 468, 28343, 'noimage.jpg', 'lacus at velit vivamus vel nulla eget eros elementum pellentesque quisque porta volutpat erat quisque erat eros', '품절', '2021-02-10 00:00:00', '2021-09-23 00:00:00'),
	(957, '212077375-0', '외국어', 'Hatity', 'Sallie', 'Avavee', 302, 9255, 'noimage.jpg', 'turpis sed ante vivamus tortor duis mattis egestas metus aenean', '구편절판', '2021-03-10 00:00:00', '2021-09-23 00:00:00'),
	(958, '096628810-6', '소설', 'Otcom', 'Janek', 'Mydo', 400, 22948, 'noimage.jpg', 'condimentum curabitur in libero ut massa volutpat convallis morbi odio odio elementum eu interdum eu tincidunt', '품절', '2021-05-12 00:00:00', '2021-09-23 00:00:00'),
	(959, '168669569-1', '여행', 'Tin', 'Rozanna', 'Avaveo', 374, 5681, 'noimage.jpg', 'donec diam neque vestibulum eget vulputate ut ultrices vel augue vestibulum ante ipsum', '절판', '2021-08-17 00:00:00', '2021-09-23 00:00:00'),
	(960, '687573142-8', '경제', 'Bitchip', 'Isac', 'Avamba', 204, 14017, 'noimage.jpg', 'eros vestibulum ac est lacinia nisi venenatis tristique fusce congue diam id ornare imperdiet sapien urna pretium nisl ut', '품절', '2020-12-14 00:00:00', '2021-09-23 00:00:00'),
	(961, '320420584-3', '외국어', 'Konklab', 'Jacob', 'Tagtune', 161, 11622, 'noimage.jpg', 'turpis eget elit sodales scelerisque mauris sit amet eros suspendisse', '절판', '2021-01-11 00:00:00', '2021-09-23 00:00:00'),
	(962, '436987856-X', '소설', 'Span', 'Caddric', 'Feednation', 547, 6456, 'noimage.jpg', 'in eleifend quam a odio in hac habitasse platea dictumst maecenas ut massa quis augue luctus tincidunt nulla', '판매중', '2020-11-08 00:00:00', '2021-09-23 00:00:00'),
	(963, '190939378-9', '여행', 'Domainer', 'Egbert', 'Edgewire', 331, 19198, 'noimage.jpg', 'pede ullamcorper augue a suscipit nulla elit ac nulla sed vel enim sit', '절판', '2020-10-08 00:00:00', '2021-09-23 00:00:00'),
	(964, '195811129-5', '경제', 'Solarbreeze', 'Farah', 'Digitube', 817, 6894, 'noimage.jpg', 'sed magna at nunc commodo placerat praesent blandit nam nulla integer pede justo lacinia eget tincidunt eget tempus vel', '판매중', '2020-12-11 00:00:00', '2021-09-23 00:00:00'),
	(965, '273474368-X', '만화', 'Alphazap', 'Rorie', 'Dynazzy', 752, 28931, 'noimage.jpg', 'felis sed interdum venenatis turpis enim blandit mi in porttitor pede justo eu massa donec dapibus duis at velit', '판매중', '2020-12-09 00:00:00', '2021-09-23 00:00:00'),
	(966, '244563169-6', '만화', 'Bitchip', 'Aimee', 'Tavu', 762, 13896, 'noimage.jpg', 'a feugiat et eros vestibulum ac est lacinia nisi venenatis tristique fusce congue diam id ornare imperdiet sapien', '품절', '2021-01-26 00:00:00', '2021-09-23 00:00:00'),
	(967, '265422566-6', '만화', 'Home Ing', 'Bern', 'Trunyx', 509, 9104, 'noimage.jpg', 'nullam varius nulla facilisi cras non velit nec nisi vulputate nonummy maecenas tincidunt lacus at', '절판', '2020-10-06 00:00:00', '2021-09-23 00:00:00'),
	(968, '055886905-X', '만화', 'Duobam', 'Rici', 'Flashpoint', 117, 26050, 'noimage.jpg', 'erat quisque erat eros viverra eget congue eget semper rutrum nulla nunc purus phasellus in felis donec semper', '절판', '2021-08-24 00:00:00', '2021-09-23 00:00:00'),
	(969, '837845128-3', '경제', 'Mat Lam Tam', 'Bat', 'Fiveclub', 485, 22468, 'noimage.jpg', 'metus sapien ut nunc vestibulum ante ipsum primis in faucibus orci luctus et ultrices posuere', '판매중', '2020-11-15 00:00:00', '2021-09-23 00:00:00'),
	(970, '129431059-3', '소설', 'Tampflex', 'Candie', 'Kwinu', 117, 24856, 'noimage.jpg', 'turpis enim blandit mi in porttitor pede justo eu massa donec dapibus duis at velit eu est', '절판', '2021-02-04 00:00:00', '2021-09-23 00:00:00'),
	(971, '110500771-5', '경제', 'Tampflex', 'Rudolf', 'Jaxspan', 873, 21585, 'noimage.jpg', 'sapien ut nunc vestibulum ante ipsum primis in faucibus orci luctus et ultrices posuere cubilia curae mauris viverra diam', '품절', '2021-09-20 00:00:00', '2021-09-23 00:00:00'),
	(972, '792460771-4', '경제', 'Lotstring', 'Olive', 'Tagtune', 270, 29438, 'noimage.jpg', 'sapien dignissim vestibulum vestibulum ante ipsum primis in faucibus orci luctus et ultrices posuere cubilia curae nulla', '품절', '2020-11-11 00:00:00', '2021-09-23 00:00:00'),
	(973, '432108950-6', '외국어', 'Transcof', 'Jessie', 'Topicstorm', 715, 16165, 'noimage.jpg', 'in est risus auctor sed tristique in tempus sit amet sem fusce consequat', '판매중', '2021-07-26 00:00:00', '2021-09-23 00:00:00'),
	(974, '405102749-X', '외국어', 'Temp', 'Jarrett', 'Fanoodle', 990, 24125, 'noimage.jpg', 'morbi non quam nec dui luctus rutrum nulla tellus in sagittis dui vel nisl duis ac nibh fusce', '구편절판', '2021-07-12 00:00:00', '2021-09-23 00:00:00'),
	(975, '200595781-X', '외국어', 'Pannier', 'Libbie', 'Livepath', 925, 5954, 'noimage.jpg', 'phasellus id sapien in sapien iaculis congue vivamus metus arcu adipiscing molestie hendrerit at vulputate vitae nisl aenean lectus pellentesque', '판매중', '2020-10-08 00:00:00', '2021-09-23 00:00:00'),
	(976, '733936430-7', '만화', 'Otcom', 'Bronny', 'Skyndu', 786, 19022, 'noimage.jpg', 'curabitur convallis duis consequat dui nec nisi volutpat eleifend donec ut', '품절', '2021-04-27 00:00:00', '2021-09-23 00:00:00'),
	(977, '922323724-6', '외국어', 'Sub-Ex', 'Maurise', 'Muxo', 607, 16055, 'noimage.jpg', 'erat tortor sollicitudin mi sit amet lobortis sapien sapien non mi integer ac neque', '품절', '2021-05-27 00:00:00', '2021-09-23 00:00:00'),
	(978, '162556692-1', '소설', 'Ventosanzap', 'Lelah', 'Lazz', 577, 26753, 'noimage.jpg', 'venenatis turpis enim blandit mi in porttitor pede justo eu massa donec dapibus duis at velit eu est congue', '판매중', '2021-04-03 00:00:00', '2021-09-23 00:00:00'),
	(979, '007283503-6', '소설', 'Matsoft', 'Sonia', 'Realblab', 940, 21567, 'noimage.jpg', 'pulvinar nulla pede ullamcorper augue a suscipit nulla elit ac nulla sed', '품절', '2021-01-29 00:00:00', '2021-09-23 00:00:00'),
	(980, '033184214-9', '소설', 'Tempsoft', 'Melly', 'Abata', 350, 8461, 'noimage.jpg', 'ut rhoncus aliquet pulvinar sed nisl nunc rhoncus dui vel sem sed sagittis nam congue risus semper', '구편절판', '2021-09-10 00:00:00', '2021-09-23 00:00:00'),
	(981, '860901625-0', '여행', 'Fix San', 'Meggie', 'Oodoo', 654, 5396, 'noimage.jpg', 'sapien placerat ante nulla justo aliquam quis turpis eget elit sodales scelerisque mauris sit amet eros suspendisse', '절판', '2021-04-01 00:00:00', '2021-09-23 00:00:00'),
	(982, '557219676-2', '여행', 'Keylex', 'Anthe', 'Meetz', 436, 14371, 'noimage.jpg', 'pede malesuada in imperdiet et commodo vulputate justo in blandit ultrices enim lorem ipsum', '품절', '2021-08-08 00:00:00', '2021-09-23 00:00:00'),
	(983, '756977306-3', '여행', 'Fintone', 'Benni', 'Eidel', 281, 13182, 'noimage.jpg', 'iaculis diam erat fermentum justo nec condimentum neque sapien placerat ante nulla justo aliquam quis turpis eget elit sodales', '절판', '2020-11-01 00:00:00', '2021-09-23 00:00:00'),
	(984, '864765275-4', '만화', 'Konklux', 'Sebastian', 'Edgewire', 522, 12128, 'noimage.jpg', 'sagittis sapien cum sociis natoque penatibus et magnis dis parturient montes nascetur ridiculus mus etiam vel augue vestibulum rutrum', '절판', '2021-08-30 00:00:00', '2021-09-23 00:00:00'),
	(985, '521143566-4', '소설', 'Stronghold', 'Emmett', 'Innotype', 398, 8527, 'noimage.jpg', 'nec euismod scelerisque quam turpis adipiscing lorem vitae mattis nibh ligula nec sem duis aliquam convallis nunc', '구편절판', '2021-07-12 00:00:00', '2021-09-23 00:00:00'),
	(987, '681122488-6', '만화', 'Voltsillam', 'Damian', 'Twitternation', 705, 19790, 'noimage.jpg', 'in congue etiam justo etiam pretium iaculis justo in hac habitasse platea dictumst etiam faucibus', '판매중', '2021-05-02 00:00:00', '2021-09-23 00:00:00'),
	(988, '359797551-8', '여행', 'Sonsing', 'Danielle', 'Fanoodle', 940, 10101, 'noimage.jpg', 'mollis molestie lorem quisque ut erat curabitur gravida nisi at nibh in hac habitasse', '구편절판', '2021-09-07 00:00:00', '2021-09-23 00:00:00'),
	(989, '363853977-6', '경제', 'Latlux', 'Phebe', 'Mymm', 794, 23565, 'noimage.jpg', 'nisl duis bibendum felis sed interdum venenatis turpis enim blandit mi in porttitor pede justo eu', '판매중', '2020-10-22 00:00:00', '2021-09-23 00:00:00'),
	(990, '051031142-3', '여행', 'Alphazap', 'Anett', 'Realblab', 239, 15995, 'noimage.jpg', 'vulputate vitae nisl aenean lectus pellentesque eget nunc donec quis orci', '절판', '2021-03-20 00:00:00', '2021-09-23 00:00:00'),
	(991, '821170381-5', '소설', 'Lotstring', 'Chandra', 'Lazz', 243, 11685, 'noimage.jpg', 'vivamus tortor duis mattis egestas metus aenean fermentum donec ut mauris eget massa tempor convallis', '구편절판', '2021-07-19 00:00:00', '2021-09-23 00:00:00'),
	(992, '811996892-1', '외국어', 'Matsoft', 'Goober', 'Thoughtblab', 827, 22493, 'noimage.jpg', 'leo odio porttitor id consequat in consequat ut nulla sed accumsan felis ut at dolor quis', '구편절판', '2021-07-08 00:00:00', '2021-09-23 00:00:00'),
	(993, '224802348-0', '만화', 'Konklux', 'Wildon', 'Npath', 145, 8060, 'noimage.jpg', 'ligula vehicula consequat morbi a ipsum integer a nibh in quis justo maecenas rhoncus aliquam lacus', '품절', '2021-08-08 00:00:00', '2021-09-23 00:00:00'),
	(994, '068274433-6', '여행', 'Namfix', 'Prudi', 'Avamba', 972, 15287, 'noimage.jpg', 'facilisi cras non velit nec nisi vulputate nonummy maecenas tincidunt', '판매중', '2021-07-31 00:00:00', '2021-09-23 00:00:00'),
	(995, '306111609-5', '외국어', 'Cookley', 'Doloritas', 'Dynabox', 533, 7344, 'noimage.jpg', 'nisi at nibh in hac habitasse platea dictumst aliquam augue quam', '품절', '2021-09-11 00:00:00', '2021-09-23 00:00:00'),
	(996, '907739121-5', '소설', 'Stronghold', 'Maddalena', 'Quatz', 518, 7628, 'noimage.jpg', 'eu nibh quisque id justo sit amet sapien dignissim vestibulum vestibulum ante ipsum', '구편절판', '2021-06-18 00:00:00', '2021-09-23 00:00:00'),
	(997, '925258218-5', '여행', 'Greenlam', 'Hedwiga', 'Omba', 469, 8414, 'noimage.jpg', 'libero non mattis pulvinar nulla pede ullamcorper augue a suscipit nulla elit ac nulla sed', '품절', '2021-07-22 00:00:00', '2021-09-23 00:00:00'),
	(998, '218848479-7', '경제', 'Pannier', 'Dorthea', 'Cogibox', 407, 28264, 'noimage.jpg', 'duis bibendum felis sed interdum venenatis turpis enim blandit mi in porttitor pede justo eu massa donec dapibus duis at', '판매중', '2020-11-09 00:00:00', '2021-09-23 00:00:00'),
	(999, '881233024-X', '소설', 'Opela', 'Carmelina', 'Twitterlist', 964, 17529, 'noimage.jpg', 'dapibus dolor vel est donec odio justo sollicitudin ut suscipit a feugiat et eros vestibulum ac est lacinia nisi venenatis', '품절', '2021-02-01 00:00:00', '2021-09-23 00:00:00'),
	(1000, '193206856-2', '소설', 'Solarbreeze', 'Jania', 'Avavee', 966, 20564, 'noimage.jpg', 'cursus id turpis integer aliquet massa id lobortis convallis tortor risus dapibus augue vel accumsan tellus nisi eu orci mauris', '구편절판', '2020-10-24 00:00:00', '2021-09-23 00:00:00');
/*!40000 ALTER TABLE `ebook` ENABLE KEYS */;

-- 테이블 shop.member 구조 내보내기
CREATE TABLE IF NOT EXISTS `member` (
  `member_no` int(11) NOT NULL AUTO_INCREMENT,
  `member_id` varchar(50) NOT NULL,
  `member_pw` varchar(200) NOT NULL,
  `member_name` varchar(200) NOT NULL,
  `member_age` int(11) NOT NULL,
  `member_gender` enum('남','여') NOT NULL,
  `member_level` int(11) NOT NULL,
  `create_date` datetime NOT NULL,
  `update_date` datetime NOT NULL,
  PRIMARY KEY (`member_no`),
  UNIQUE KEY `member_id` (`member_id`)
) ENGINE=InnoDB AUTO_INCREMENT=107 DEFAULT CHARSET=utf8mb3;

-- 테이블 데이터 shop.member:~103 rows (대략적) 내보내기
DELETE FROM `member`;
/*!40000 ALTER TABLE `member` DISABLE KEYS */;
INSERT INTO `member` (`member_no`, `member_id`, `member_pw`, `member_name`, `member_age`, `member_gender`, `member_level`, `create_date`, `update_date`) VALUES
	(1, 'admin', '*A4B6157319038724E3560894F7F932C8886EBFCF', '관리자', 100, '남', 1, '2021-09-14 17:29:14', '2021-09-14 17:29:14'),
	(2, 'goodee', '*A4B6157319038724E3560894F7F932C8886EBFCF', '구디', 25, '남', 0, '2021-09-14 17:48:18', '2021-09-14 17:48:18'),
	(3, '12', '*A4B6157319038724E3560894F7F932C8886EBFCF', '12', 12, '남', 0, '2021-09-14 17:51:24', '2021-09-14 17:51:24'),
	(4, '123', '*A4B6157319038724E3560894F7F932C8886EBFCF', '123', 123, '남', 0, '2021-09-14 18:04:33', '2021-09-14 18:04:33'),
	(5, '12345', '*A4B6157319038724E3560894F7F932C8886EBFCF', '안성진', 25, '남', 0, '2021-09-14 18:15:24', '2021-09-14 18:15:24'),
	(6, '710976513-X', '*A4B6157319038724E3560894F7F932C8886EBFCF', 'Sean', 99, '여', 0, '2021-09-15 00:00:00', '2021-09-15 00:00:00'),
	(7, '167066468-6', '*A4B6157319038724E3560894F7F932C8886EBFCF', 'Lawton', 22, '여', 0, '2021-09-15 00:00:00', '2021-09-15 00:00:00'),
	(8, '158178575-5', '*A4B6157319038724E3560894F7F932C8886EBFCF', 'Tab', 58, '여', 0, '2021-09-15 00:00:00', '2021-09-15 00:00:00'),
	(9, '501842397-8', '*A4B6157319038724E3560894F7F932C8886EBFCF', 'Olive', 65, '여', 0, '2021-09-15 00:00:00', '2021-09-15 00:00:00'),
	(10, '096102651-0', '*A4B6157319038724E3560894F7F932C8886EBFCF', 'Axel', 71, '여', 0, '2021-09-15 00:00:00', '2021-09-15 00:00:00'),
	(11, '139311353-2', '*A4B6157319038724E3560894F7F932C8886EBFCF', 'Clementine', 73, '남', 0, '2021-09-15 00:00:00', '2021-09-15 00:00:00'),
	(14, '163642316-7', '*A4B6157319038724E3560894F7F932C8886EBFCF', 'Herschel', 45, '남', 0, '2021-09-15 00:00:00', '2021-09-15 00:00:00'),
	(15, '807276724-0', '*A4B6157319038724E3560894F7F932C8886EBFCF', 'Jason', 51, '여', 0, '2021-09-15 00:00:00', '2021-09-15 00:00:00'),
	(16, '943018614-0', '*A4B6157319038724E3560894F7F932C8886EBFCF', 'Lauretta', 57, '남', 0, '2021-09-15 00:00:00', '2021-09-15 00:00:00'),
	(17, '184368288-5', '*A4B6157319038724E3560894F7F932C8886EBFCF', 'Zola', 11, '남', 0, '2021-09-15 00:00:00', '2021-09-15 00:00:00'),
	(18, '259609284-0', '*A4B6157319038724E3560894F7F932C8886EBFCF', 'Megen', 92, '여', 0, '2021-09-15 00:00:00', '2021-09-15 00:00:00'),
	(19, '304842128-9', '*A4B6157319038724E3560894F7F932C8886EBFCF', 'Sherwood', 69, '여', 0, '2021-09-15 00:00:00', '2021-09-15 00:00:00'),
	(20, '770564427-4', '*A4B6157319038724E3560894F7F932C8886EBFCF', 'Marjy', 40, '여', 0, '2021-09-15 00:00:00', '2021-09-15 00:00:00'),
	(21, '110629728-8', '*A4B6157319038724E3560894F7F932C8886EBFCF', 'Base', 56, '남', 0, '2021-09-15 00:00:00', '2021-09-15 00:00:00'),
	(22, '121224774-4', '*A4B6157319038724E3560894F7F932C8886EBFCF', 'Dasya', 22, '여', 0, '2021-09-15 00:00:00', '2021-09-15 00:00:00'),
	(23, '275877600-6', '*A4B6157319038724E3560894F7F932C8886EBFCF', 'Coral', 66, '여', 0, '2021-09-15 00:00:00', '2021-09-15 00:00:00'),
	(24, '418849152-3', '*A4B6157319038724E3560894F7F932C8886EBFCF', 'Gabey', 40, '남', 0, '2021-09-15 00:00:00', '2021-09-15 00:00:00'),
	(25, '210833210-3', '*A4B6157319038724E3560894F7F932C8886EBFCF', 'Levy', 80, '남', 0, '2021-09-15 00:00:00', '2021-09-15 00:00:00'),
	(26, '594665111-0', '*A4B6157319038724E3560894F7F932C8886EBFCF', 'Sayer', 36, '남', 0, '2021-09-15 00:00:00', '2021-09-15 00:00:00'),
	(27, '415519362-0', '*A4B6157319038724E3560894F7F932C8886EBFCF', 'Cassius', 77, '여', 0, '2021-09-15 00:00:00', '2021-09-15 00:00:00'),
	(28, '050409951-5', '*A4B6157319038724E3560894F7F932C8886EBFCF', 'Clyde', 39, '여', 0, '2021-09-15 00:00:00', '2021-09-15 00:00:00'),
	(29, '490423720-X', '*A4B6157319038724E3560894F7F932C8886EBFCF', 'Hallie', 60, '남', 0, '2021-09-15 00:00:00', '2021-09-15 00:00:00'),
	(30, '679824773-3', '*A4B6157319038724E3560894F7F932C8886EBFCF', 'Jaymie', 54, '남', 0, '2021-09-15 00:00:00', '2021-09-15 00:00:00'),
	(31, '643234601-0', '*A4B6157319038724E3560894F7F932C8886EBFCF', 'Simeon', 16, '남', 0, '2021-09-15 00:00:00', '2021-09-15 00:00:00'),
	(32, '015604136-7', '*A4B6157319038724E3560894F7F932C8886EBFCF', 'Lisette', 35, '여', 0, '2021-09-15 00:00:00', '2021-09-15 00:00:00'),
	(33, '396727108-0', '*A4B6157319038724E3560894F7F932C8886EBFCF', 'Webb', 35, '여', 0, '2021-09-15 00:00:00', '2021-09-15 00:00:00'),
	(34, '453829150-1', '*A4B6157319038724E3560894F7F932C8886EBFCF', 'Shermie', 50, '남', 0, '2021-09-15 00:00:00', '2021-09-15 00:00:00'),
	(35, '854743592-1', '*A4B6157319038724E3560894F7F932C8886EBFCF', 'Quillan', 59, '여', 0, '2021-09-15 00:00:00', '2021-09-15 00:00:00'),
	(36, '883438846-1', '*A4B6157319038724E3560894F7F932C8886EBFCF', 'Olimpia', 77, '남', 0, '2021-09-15 00:00:00', '2021-09-15 00:00:00'),
	(37, '391078204-3', '*A4B6157319038724E3560894F7F932C8886EBFCF', 'Adam', 52, '남', 0, '2021-09-15 00:00:00', '2021-09-15 00:00:00'),
	(38, '540720787-7', '*A4B6157319038724E3560894F7F932C8886EBFCF', 'Louis', 77, '남', 0, '2021-09-15 00:00:00', '2021-09-15 00:00:00'),
	(39, '505506815-9', '*A4B6157319038724E3560894F7F932C8886EBFCF', 'Stanislas', 14, '남', 0, '2021-09-15 00:00:00', '2021-09-15 00:00:00'),
	(40, '513667174-2', '*A4B6157319038724E3560894F7F932C8886EBFCF', 'Deina', 46, '남', 0, '2021-09-15 00:00:00', '2021-09-15 00:00:00'),
	(41, '811944144-3', '*A4B6157319038724E3560894F7F932C8886EBFCF', 'Tyrone', 87, '여', 0, '2021-09-15 00:00:00', '2021-09-15 00:00:00'),
	(42, '959466839-3', '*A4B6157319038724E3560894F7F932C8886EBFCF', 'Britt', 17, '여', 0, '2021-09-15 00:00:00', '2021-09-15 00:00:00'),
	(43, '384602878-9', '*A4B6157319038724E3560894F7F932C8886EBFCF', 'Karoly', 19, '남', 0, '2021-09-15 00:00:00', '2021-09-15 00:00:00'),
	(44, '397428195-9', '*A4B6157319038724E3560894F7F932C8886EBFCF', 'Gabriellia', 92, '남', 0, '2021-09-15 00:00:00', '2021-09-15 00:00:00'),
	(45, '004897302-5', '*A4B6157319038724E3560894F7F932C8886EBFCF', 'Nickolas', 23, '남', 0, '2021-09-15 00:00:00', '2021-09-15 00:00:00'),
	(46, '719582290-7', '*A4B6157319038724E3560894F7F932C8886EBFCF', 'Cyndie', 21, '남', 0, '2021-09-15 00:00:00', '2021-09-15 00:00:00'),
	(47, '074197254-9', '*A4B6157319038724E3560894F7F932C8886EBFCF', 'Rollo', 66, '여', 0, '2021-09-15 00:00:00', '2021-09-15 00:00:00'),
	(48, '793055853-3', '*A4B6157319038724E3560894F7F932C8886EBFCF', 'Orella', 36, '남', 0, '2021-09-15 00:00:00', '2021-09-15 00:00:00'),
	(49, '036898007-3', '*A4B6157319038724E3560894F7F932C8886EBFCF', 'Gunther', 73, '남', 0, '2021-09-15 00:00:00', '2021-09-15 00:00:00'),
	(50, '771645077-8', '*A4B6157319038724E3560894F7F932C8886EBFCF', 'Lauritz', 49, '남', 0, '2021-09-15 00:00:00', '2021-09-15 00:00:00'),
	(51, '549213694-1', '*A4B6157319038724E3560894F7F932C8886EBFCF', 'Eldredge', 18, '남', 0, '2021-09-15 00:00:00', '2021-09-15 00:00:00'),
	(52, '637299518-2', '*A4B6157319038724E3560894F7F932C8886EBFCF', 'Hugues', 92, '남', 0, '2021-09-15 00:00:00', '2021-09-15 00:00:00'),
	(53, '255176488-2', '*A4B6157319038724E3560894F7F932C8886EBFCF', 'Helge', 32, '남', 0, '2021-09-15 00:00:00', '2021-09-15 00:00:00'),
	(54, '488070441-5', '*A4B6157319038724E3560894F7F932C8886EBFCF', 'Ora', 77, '여', 0, '2021-09-15 00:00:00', '2021-09-15 00:00:00'),
	(55, '960569452-2', '*A4B6157319038724E3560894F7F932C8886EBFCF', 'Ave', 65, '여', 0, '2021-09-15 00:00:00', '2021-09-15 00:00:00'),
	(56, '022952003-0', '*A4B6157319038724E3560894F7F932C8886EBFCF', 'Galvin', 26, '여', 0, '2021-09-15 00:00:00', '2021-09-15 00:00:00'),
	(57, '096867597-2', '*A4B6157319038724E3560894F7F932C8886EBFCF', 'Eryn', 63, '여', 0, '2021-09-15 00:00:00', '2021-09-15 00:00:00'),
	(58, '968578836-7', '*A4B6157319038724E3560894F7F932C8886EBFCF', 'Yetta', 24, '여', 0, '2021-09-15 00:00:00', '2021-09-15 00:00:00'),
	(59, '643200509-4', '*A4B6157319038724E3560894F7F932C8886EBFCF', 'Nolly', 39, '남', 0, '2021-09-15 00:00:00', '2021-09-15 00:00:00'),
	(60, '162115374-6', '*A4B6157319038724E3560894F7F932C8886EBFCF', 'Pauly', 65, '여', 0, '2021-09-15 00:00:00', '2021-09-15 00:00:00'),
	(61, '139354450-9', '*A4B6157319038724E3560894F7F932C8886EBFCF', 'Miltie', 19, '여', 0, '2021-09-15 00:00:00', '2021-09-15 00:00:00'),
	(62, '699599062-5', '*A4B6157319038724E3560894F7F932C8886EBFCF', 'Shurlock', 70, '여', 0, '2021-09-15 00:00:00', '2021-09-15 00:00:00'),
	(63, '944943911-7', '*A4B6157319038724E3560894F7F932C8886EBFCF', 'Perkin', 69, '여', 0, '2021-09-15 00:00:00', '2021-09-15 00:00:00'),
	(64, '604502990-9', '*A4B6157319038724E3560894F7F932C8886EBFCF', 'Fiona', 97, '여', 0, '2021-09-15 00:00:00', '2021-09-15 00:00:00'),
	(65, '208189706-7', '*A4B6157319038724E3560894F7F932C8886EBFCF', 'Alec', 85, '여', 0, '2021-09-15 00:00:00', '2021-09-15 00:00:00'),
	(66, '462712807-X', '*A4B6157319038724E3560894F7F932C8886EBFCF', 'Liane', 20, '여', 0, '2021-09-15 00:00:00', '2021-09-15 00:00:00'),
	(67, '773635455-3', '*A4B6157319038724E3560894F7F932C8886EBFCF', 'Gladi', 63, '여', 0, '2021-09-15 00:00:00', '2021-09-15 00:00:00'),
	(68, '479312128-4', '*A4B6157319038724E3560894F7F932C8886EBFCF', 'Aryn', 99, '남', 0, '2021-09-15 00:00:00', '2021-09-15 00:00:00'),
	(69, '985438228-1', '*A4B6157319038724E3560894F7F932C8886EBFCF', 'Libby', 84, '남', 0, '2021-09-15 00:00:00', '2021-09-15 00:00:00'),
	(70, '738461735-9', '*A4B6157319038724E3560894F7F932C8886EBFCF', 'Rasla', 32, '여', 0, '2021-09-15 00:00:00', '2021-09-15 00:00:00'),
	(71, '312949013-2', '*A4B6157319038724E3560894F7F932C8886EBFCF', 'Jackie', 11, '여', 0, '2021-09-15 00:00:00', '2021-09-15 00:00:00'),
	(72, '642987180-0', '*A4B6157319038724E3560894F7F932C8886EBFCF', 'Babb', 62, '여', 0, '2021-09-15 00:00:00', '2021-09-15 00:00:00'),
	(73, '863008884-2', '*A4B6157319038724E3560894F7F932C8886EBFCF', 'Opaline', 51, '여', 0, '2021-09-15 00:00:00', '2021-09-15 00:00:00'),
	(74, '731042470-0', '*A4B6157319038724E3560894F7F932C8886EBFCF', 'Bendicty', 11, '여', 0, '2021-09-15 00:00:00', '2021-09-15 00:00:00'),
	(75, '206542321-8', '*A4B6157319038724E3560894F7F932C8886EBFCF', 'Townsend', 47, '남', 0, '2021-09-15 00:00:00', '2021-09-15 00:00:00'),
	(76, '575001585-8', '*A4B6157319038724E3560894F7F932C8886EBFCF', 'Leonidas', 23, '여', 0, '2021-09-15 00:00:00', '2021-09-15 00:00:00'),
	(77, '692101637-4', '*A4B6157319038724E3560894F7F932C8886EBFCF', 'Reynold', 86, '여', 0, '2021-09-15 00:00:00', '2021-09-15 00:00:00'),
	(78, '140438993-8', '*A4B6157319038724E3560894F7F932C8886EBFCF', 'Rob', 69, '여', 0, '2021-09-15 00:00:00', '2021-09-15 00:00:00'),
	(79, '312710954-7', '*A4B6157319038724E3560894F7F932C8886EBFCF', 'Mavra', 84, '남', 0, '2021-09-15 00:00:00', '2021-09-15 00:00:00'),
	(80, '537806024-9', '*A4B6157319038724E3560894F7F932C8886EBFCF', 'Drugi', 69, '여', 0, '2021-09-15 00:00:00', '2021-09-15 00:00:00'),
	(81, '645095899-5', '*A4B6157319038724E3560894F7F932C8886EBFCF', 'Ephrayim', 21, '여', 0, '2021-09-15 00:00:00', '2021-09-15 00:00:00'),
	(82, '162500025-1', '*A4B6157319038724E3560894F7F932C8886EBFCF', 'Deny', 93, '여', 0, '2021-09-15 00:00:00', '2021-09-15 00:00:00'),
	(83, '991974589-8', '*A4B6157319038724E3560894F7F932C8886EBFCF', 'Birgitta', 75, '여', 0, '2021-09-15 00:00:00', '2021-09-15 00:00:00'),
	(84, '057120218-7', '*A4B6157319038724E3560894F7F932C8886EBFCF', 'Gilbert', 17, '남', 0, '2021-09-15 00:00:00', '2021-09-15 00:00:00'),
	(85, '496134079-0', '*A4B6157319038724E3560894F7F932C8886EBFCF', 'Norene', 21, '남', 0, '2021-09-15 00:00:00', '2021-09-15 00:00:00'),
	(86, '084314583-8', '*A4B6157319038724E3560894F7F932C8886EBFCF', 'Bram', 60, '남', 0, '2021-09-15 00:00:00', '2021-09-15 00:00:00'),
	(87, '806040244-7', '*A4B6157319038724E3560894F7F932C8886EBFCF', 'Byron', 85, '여', 0, '2021-09-15 00:00:00', '2021-09-15 00:00:00'),
	(88, '828392681-0', '*A4B6157319038724E3560894F7F932C8886EBFCF', 'Dalston', 65, '여', 0, '2021-09-15 00:00:00', '2021-09-15 00:00:00'),
	(89, '939989905-5', '*A4B6157319038724E3560894F7F932C8886EBFCF', 'Web', 88, '여', 0, '2021-09-15 00:00:00', '2021-09-15 00:00:00'),
	(90, '853582970-9', '*A4B6157319038724E3560894F7F932C8886EBFCF', 'Lidia', 22, '남', 0, '2021-09-15 00:00:00', '2021-09-15 00:00:00'),
	(91, '292345781-1', '*A4B6157319038724E3560894F7F932C8886EBFCF', 'Bayard', 63, '여', 0, '2021-09-15 00:00:00', '2021-09-15 00:00:00'),
	(92, '642634461-3', '*A4B6157319038724E3560894F7F932C8886EBFCF', 'Kitty', 52, '남', 0, '2021-09-15 00:00:00', '2021-09-15 00:00:00'),
	(93, '123658716-2', '*A4B6157319038724E3560894F7F932C8886EBFCF', 'Tirrell', 14, '여', 0, '2021-09-15 00:00:00', '2021-09-15 00:00:00'),
	(94, '456227626-6', '*A4B6157319038724E3560894F7F932C8886EBFCF', 'Genevieve', 88, '남', 0, '2021-09-15 00:00:00', '2021-09-15 00:00:00'),
	(95, '940829412-2', '*A4B6157319038724E3560894F7F932C8886EBFCF', 'Hedvige', 55, '남', 0, '2021-09-15 00:00:00', '2021-09-15 00:00:00'),
	(96, '336013892-9', '*A4B6157319038724E3560894F7F932C8886EBFCF', 'Stephi', 84, '남', 0, '2021-09-15 00:00:00', '2021-09-15 00:00:00'),
	(97, '481796227-5', '*A4B6157319038724E3560894F7F932C8886EBFCF', 'Lyndsey', 81, '여', 0, '2021-09-15 00:00:00', '2021-09-15 00:00:00'),
	(98, '215999647-5', '*A4B6157319038724E3560894F7F932C8886EBFCF', 'Osgood', 68, '여', 0, '2021-09-15 00:00:00', '2021-09-15 00:00:00'),
	(99, '808872735-9', '*A4B6157319038724E3560894F7F932C8886EBFCF', 'Staci', 15, '여', 0, '2021-09-15 00:00:00', '2021-09-15 00:00:00'),
	(100, '700680381-0', '*A4B6157319038724E3560894F7F932C8886EBFCF', 'Gualterio', 27, '여', 0, '2021-09-15 00:00:00', '2021-09-15 00:00:00'),
	(101, '858523871-2', '*A4B6157319038724E3560894F7F932C8886EBFCF', 'Robinetta', 18, '남', 0, '2021-09-15 00:00:00', '2021-09-15 00:00:00'),
	(102, '649159774-1', '*A4B6157319038724E3560894F7F932C8886EBFCF', 'Lily', 74, '여', 0, '2021-09-15 00:00:00', '2021-09-15 00:00:00'),
	(103, '063327759-2', '*A4B6157319038724E3560894F7F932C8886EBFCF', 'Dane', 76, '여', 0, '2021-09-15 00:00:00', '2021-09-15 00:00:00'),
	(104, '177866003-7', '*A4B6157319038724E3560894F7F932C8886EBFCF', 'Bibbye', 31, '여', 0, '2021-09-15 00:00:00', '2021-09-15 00:00:00'),
	(105, '810043223-6', '*A4B6157319038724E3560894F7F932C8886EBFCF', 'Scarface', 100, '여', 0, '2021-09-15 00:00:00', '2021-09-15 00:00:00');
/*!40000 ALTER TABLE `member` ENABLE KEYS */;

-- 테이블 shop.notice 구조 내보내기
CREATE TABLE IF NOT EXISTS `notice` (
  `notice_no` int(11) NOT NULL AUTO_INCREMENT,
  `notice_title` varchar(500) NOT NULL,
  `notice_content` text NOT NULL,
  `member_no` text NOT NULL,
  `create_date` datetime NOT NULL,
  `update_date` datetime NOT NULL,
  PRIMARY KEY (`notice_no`)
) ENGINE=InnoDB AUTO_INCREMENT=16 DEFAULT CHARSET=utf8mb3;

-- 테이블 데이터 shop.notice:~13 rows (대략적) 내보내기
DELETE FROM `notice`;
/*!40000 ALTER TABLE `notice` DISABLE KEYS */;
INSERT INTO `notice` (`notice_no`, `notice_title`, `notice_content`, `member_no`, `create_date`, `update_date`) VALUES
	(1, 'q10', 'q10', '1', '2021-09-29 14:48:22', '2021-09-29 14:48:22'),
	(3, 'test1', 'test1', '1', '2021-09-30 10:55:17', '2021-09-30 10:55:17'),
	(4, 'test2', 'test2', '1', '2021-09-30 10:55:25', '2021-09-30 10:55:25'),
	(5, 'test3', 'test3', '1', '2021-09-30 10:55:32', '2021-09-30 10:55:32'),
	(6, 'test4', 'test4', '1', '2021-09-30 10:55:38', '2021-09-30 10:55:38'),
	(7, 'test5', 'test5', '1', '2021-09-30 10:55:44', '2021-09-30 10:55:44'),
	(8, 'test6', 'test6', '1', '2021-09-30 10:55:49', '2021-09-30 10:55:49'),
	(9, 'test7', 'test7', '1', '2021-09-30 10:55:56', '2021-09-30 10:55:56'),
	(10, 'test8', 'test8', '1', '2021-09-30 10:56:04', '2021-09-30 10:56:04'),
	(11, 'test9', 'test9', '1', '2021-09-30 10:56:11', '2021-09-30 10:56:11'),
	(12, 'test12', 'test12', '1', '2021-09-30 10:56:31', '2021-09-30 10:56:31'),
	(13, 'test13', 'test13', '1', '2021-09-30 11:22:44', '2021-09-30 11:22:44'),
	(14, 'test14-1', 'test14-1', '1', '2021-09-30 11:22:51', '2021-10-01 15:01:58');
/*!40000 ALTER TABLE `notice` ENABLE KEYS */;

-- 테이블 shop.orders 구조 내보내기
CREATE TABLE IF NOT EXISTS `orders` (
  `order_no` int(11) NOT NULL AUTO_INCREMENT,
  `ebook_no` int(11) NOT NULL,
  `member_no` int(11) NOT NULL,
  `order_price` int(11) NOT NULL,
  `create_date` datetime NOT NULL,
  `update_date` datetime NOT NULL,
  PRIMARY KEY (`order_no`),
  KEY `FK_orders_ebook` (`ebook_no`),
  KEY `FK_orders_member` (`member_no`)
) ENGINE=InnoDB AUTO_INCREMENT=56 DEFAULT CHARSET=utf8mb3;

-- 테이블 데이터 shop.orders:~55 rows (대략적) 내보내기
DELETE FROM `orders`;
/*!40000 ALTER TABLE `orders` DISABLE KEYS */;
INSERT INTO `orders` (`order_no`, `ebook_no`, `member_no`, `order_price`, `create_date`, `update_date`) VALUES
	(1, 3, 5, 1000, '2021-09-24 00:00:00', '2021-09-24 00:00:00'),
	(2, 6, 9, 1000, '2021-09-24 00:00:00', '2021-09-24 00:00:00'),
	(3, 1, 6, 1000, '2021-09-24 00:00:00', '2021-09-24 00:00:00'),
	(4, 8, 6, 1000, '2021-09-24 00:00:00', '2021-09-24 00:00:00'),
	(5, 8, 7, 1000, '2021-09-24 00:00:00', '2021-09-24 00:00:00'),
	(6, 4, 5, 1000, '2021-09-24 00:00:00', '2021-09-24 00:00:00'),
	(7, 10, 7, 1000, '2021-09-24 00:00:00', '2021-09-24 00:00:00'),
	(8, 4, 8, 1000, '2021-09-24 00:00:00', '2021-09-24 00:00:00'),
	(9, 6, 8, 1000, '2021-09-24 00:00:00', '2021-09-24 00:00:00'),
	(10, 1, 5, 1000, '2021-09-24 00:00:00', '2021-09-24 00:00:00'),
	(11, 9, 5, 1000, '2021-09-24 00:00:00', '2021-09-24 00:00:00'),
	(12, 7, 5, 1000, '2021-09-24 00:00:00', '2021-09-24 00:00:00'),
	(13, 4, 7, 1000, '2021-09-24 00:00:00', '2021-09-24 00:00:00'),
	(14, 10, 7, 1000, '2021-09-24 00:00:00', '2021-09-24 00:00:00'),
	(15, 8, 6, 1000, '2021-09-24 00:00:00', '2021-09-24 00:00:00'),
	(16, 1, 5, 1000, '2021-09-24 00:00:00', '2021-09-24 00:00:00'),
	(17, 9, 6, 1000, '2021-09-24 00:00:00', '2021-09-24 00:00:00'),
	(18, 1, 6, 1000, '2021-09-24 00:00:00', '2021-09-24 00:00:00'),
	(19, 6, 5, 1000, '2021-09-24 00:00:00', '2021-09-24 00:00:00'),
	(20, 10, 5, 1000, '2021-09-24 00:00:00', '2021-09-24 00:00:00'),
	(21, 9, 7, 1000, '2021-09-24 00:00:00', '2021-09-24 00:00:00'),
	(22, 8, 5, 1000, '2021-09-24 00:00:00', '2021-09-24 00:00:00'),
	(23, 6, 5, 1000, '2021-09-24 00:00:00', '2021-09-24 00:00:00'),
	(24, 9, 7, 1000, '2021-09-24 00:00:00', '2021-09-24 00:00:00'),
	(25, 5, 7, 1000, '2021-09-24 00:00:00', '2021-09-24 00:00:00'),
	(26, 1, 5, 1000, '2021-09-24 00:00:00', '2021-09-24 00:00:00'),
	(27, 2, 5, 1000, '2021-09-24 00:00:00', '2021-09-24 00:00:00'),
	(28, 9, 8, 1000, '2021-09-24 00:00:00', '2021-09-24 00:00:00'),
	(29, 7, 8, 1000, '2021-09-24 00:00:00', '2021-09-24 00:00:00'),
	(30, 3, 5, 1000, '2021-09-24 00:00:00', '2021-09-24 00:00:00'),
	(31, 1, 7, 1000, '2021-09-24 00:00:00', '2021-09-24 00:00:00'),
	(32, 3, 8, 1000, '2021-09-24 00:00:00', '2021-09-24 00:00:00'),
	(33, 9, 6, 1000, '2021-09-24 00:00:00', '2021-09-24 00:00:00'),
	(34, 5, 8, 1000, '2021-09-24 00:00:00', '2021-09-24 00:00:00'),
	(35, 5, 7, 1000, '2021-09-24 00:00:00', '2021-09-24 00:00:00'),
	(36, 7, 7, 1000, '2021-09-24 00:00:00', '2021-09-24 00:00:00'),
	(37, 1, 8, 1000, '2021-09-24 00:00:00', '2021-09-24 00:00:00'),
	(38, 8, 8, 1000, '2021-09-24 00:00:00', '2021-09-24 00:00:00'),
	(39, 5, 8, 1000, '2021-09-24 00:00:00', '2021-09-24 00:00:00'),
	(40, 1, 9, 1000, '2021-09-24 00:00:00', '2021-09-24 00:00:00'),
	(41, 10, 6, 1000, '2021-09-24 00:00:00', '2021-09-24 00:00:00'),
	(42, 3, 6, 1000, '2021-09-24 00:00:00', '2021-09-24 00:00:00'),
	(43, 7, 8, 1000, '2021-09-24 00:00:00', '2021-09-24 00:00:00'),
	(44, 1, 5, 1000, '2021-09-24 00:00:00', '2021-09-24 00:00:00'),
	(45, 2, 7, 1000, '2021-09-24 00:00:00', '2021-09-24 00:00:00'),
	(46, 1, 6, 1000, '2021-09-24 00:00:00', '2021-09-24 00:00:00'),
	(47, 8, 8, 1000, '2021-09-24 00:00:00', '2021-09-24 00:00:00'),
	(48, 1, 9, 1000, '2021-09-24 00:00:00', '2021-09-24 00:00:00'),
	(49, 1, 5, 1000, '2021-09-24 00:00:00', '2021-09-24 00:00:00'),
	(50, 9, 5, 1000, '2021-09-24 00:00:00', '2021-09-24 00:00:00'),
	(51, 1, 5, 22821, '2021-09-28 16:10:17', '2021-09-28 16:10:17'),
	(52, 744, 5, 10422, '2021-09-30 16:21:46', '2021-09-30 16:21:46'),
	(53, 744, 1, 10422, '2021-09-30 16:24:00', '2021-09-30 16:24:00'),
	(54, 744, 4, 10422, '2021-09-30 17:13:20', '2021-09-30 17:13:20'),
	(55, 145, 4, 21173, '2021-09-30 17:14:48', '2021-09-30 17:14:48');
/*!40000 ALTER TABLE `orders` ENABLE KEYS */;

-- 테이블 shop.order_comment 구조 내보내기
CREATE TABLE IF NOT EXISTS `order_comment` (
  `order_no` int(11) NOT NULL,
  `ebook_no` int(11) NOT NULL,
  `order_score` int(11) NOT NULL,
  `order_comment_content` text NOT NULL,
  `create_date` datetime NOT NULL,
  `update_date` datetime NOT NULL,
  PRIMARY KEY (`order_no`)
) ENGINE=InnoDB DEFAULT CHARSET=utf8mb3;

-- 테이블 데이터 shop.order_comment:~19 rows (대략적) 내보내기
DELETE FROM `order_comment`;
/*!40000 ALTER TABLE `order_comment` DISABLE KEYS */;
INSERT INTO `order_comment` (`order_no`, `ebook_no`, `order_score`, `order_comment_content`, `create_date`, `update_date`) VALUES
	(1, 3, 5, '후기', '2021-09-27 16:48:18', '2021-09-27 16:48:18'),
	(10, 1, 3, '415321', '2021-09-29 11:42:55', '2021-09-29 11:42:56'),
	(16, 1, 5, '15621', '2021-09-29 11:47:15', '2021-09-29 11:47:15'),
	(18, 1, 5, '123', '2021-09-28 16:47:49', '2021-09-28 16:47:50'),
	(23, 6, 5, 'qweqwe', '2021-09-30 16:03:00', '2021-09-30 16:03:00'),
	(26, 1, 3, '1123124', '2021-09-28 16:48:15', '2021-09-28 16:48:16'),
	(31, 1, 4, '123512', '2021-09-29 11:42:29', '2021-09-29 11:42:30'),
	(37, 1, 5, '123125', '2021-09-29 11:40:42', '2021-09-29 11:40:43'),
	(40, 1, 6, '563125', '2021-09-29 11:41:02', '2021-09-29 11:41:02'),
	(44, 1, 8, '12345', '2021-09-27 18:43:21', '2021-09-27 18:43:21'),
	(46, 1, 8, '153215', '2021-09-29 11:41:32', '2021-09-29 11:41:32'),
	(48, 1, 5, '1655213', '2021-09-29 11:41:45', '2021-09-29 11:41:45'),
	(49, 1, 7, '1234', '2021-09-27 18:30:25', '2021-09-27 18:30:25'),
	(50, 9, 6, 'sdfsd', '2021-09-30 18:07:53', '2021-09-30 18:07:53'),
	(51, 1, 6, '1562156', '2021-09-29 11:42:06', '2021-09-29 11:42:07'),
	(52, 744, 1, '후기후기', '2021-09-30 16:22:32', '2021-09-30 16:22:32'),
	(53, 744, 1, '후기후기2', '2021-09-30 16:24:18', '2021-09-30 16:24:18'),
	(54, 744, 1, 'dsfsd', '2021-09-30 17:13:51', '2021-09-30 17:13:51'),
	(55, 145, 1, '1234', '2021-09-30 17:15:46', '2021-09-30 17:15:46');
/*!40000 ALTER TABLE `order_comment` ENABLE KEYS */;

-- 테이블 shop.qna 구조 내보내기
CREATE TABLE IF NOT EXISTS `qna` (
  `qna_no` int(11) NOT NULL AUTO_INCREMENT,
  `qna_categroy` enum('전자책관련','개인정보관련','기타') NOT NULL,
  `qna_title` varchar(500) NOT NULL,
  `qna_content` text NOT NULL,
  `qna_secret` enum('Y','N') NOT NULL,
  `member_no` int(11) NOT NULL,
  `create_date` datetime NOT NULL,
  `update_date` datetime NOT NULL,
  PRIMARY KEY (`qna_no`)
) ENGINE=InnoDB AUTO_INCREMENT=18 DEFAULT CHARSET=utf8mb3;

-- 테이블 데이터 shop.qna:~15 rows (대략적) 내보내기
DELETE FROM `qna`;
/*!40000 ALTER TABLE `qna` DISABLE KEYS */;
INSERT INTO `qna` (`qna_no`, `qna_categroy`, `qna_title`, `qna_content`, `qna_secret`, `member_no`, `create_date`, `update_date`) VALUES
	(1, '전자책관련', 'q1', 'q1', 'N', 90, '2021-09-29 10:37:22', '2021-09-29 10:37:23'),
	(2, '전자책관련', 'q2', 'q2', 'N', 91, '2021-09-29 10:37:48', '2021-09-29 10:37:49'),
	(3, '전자책관련', 'q3', 'q3', 'N', 92, '2021-09-29 10:38:14', '2021-09-29 10:38:14'),
	(4, '개인정보관련', 'q4', 'q4', 'N', 93, '2021-09-29 10:38:45', '2021-09-29 10:38:45'),
	(5, '전자책관련', '하이요', '하이요', 'Y', 1, '2021-10-06 17:54:37', '2021-10-06 17:54:37'),
	(6, '전자책관련', '하이요2', '하이요2', 'N', 1, '2021-10-06 17:57:29', '2021-10-06 17:57:29'),
	(7, '전자책관련', '하이요3', '하이요3', 'Y', 1, '2021-10-06 17:58:07', '2021-10-06 17:58:07'),
	(8, '전자책관련', '하이요4', '하이요4', 'N', 1, '2021-10-06 18:13:37', '2021-10-06 18:13:37'),
	(9, '전자책관련', '하이요5', '하이요5', 'N', 1, '2021-10-07 23:05:30', '2021-10-11 14:11:42'),
	(11, '전자책관련', '하이요6', '하이요6', 'Y', 5, '2021-10-11 14:38:19', '2021-10-11 14:38:19'),
	(13, '기타', '수정테스트', '수정테스트', 'Y', 5, '2021-10-11 16:52:33', '2021-10-13 01:53:55'),
	(14, '기타', '하이요8', '하이요8', 'N', 1, '2021-10-11 17:13:39', '2021-10-11 17:13:39'),
	(15, '전자책관련', '하이요9', 'ㅁㄴㅇㅁㄴㅇ', 'Y', 1, '2021-10-13 01:58:32', '2021-10-13 01:58:32'),
	(16, '전자책관련', '하이요10', 'ㅁㄴㅇㅁㄴㅇ', 'Y', 1, '2021-10-13 01:59:56', '2021-10-13 01:59:56'),
	(17, '전자책관련', 'ㅁㄴㅇㅁㄴㅇ', 'ㅁㄴㅇㅁㄴㅇ', 'Y', 1, '2021-10-13 02:01:26', '2021-10-13 02:01:34');
/*!40000 ALTER TABLE `qna` ENABLE KEYS */;

-- 테이블 shop.qna_comment 구조 내보내기
CREATE TABLE IF NOT EXISTS `qna_comment` (
  `qna_no` int(11) NOT NULL,
  `qna_comment_content` text NOT NULL,
  `member_no` int(11) NOT NULL,
  `create_date` datetime NOT NULL,
  `update_date` datetime NOT NULL,
  PRIMARY KEY (`qna_no`)
) ENGINE=InnoDB DEFAULT CHARSET=utf8mb3;

-- 테이블 데이터 shop.qna_comment:~3 rows (대략적) 내보내기
DELETE FROM `qna_comment`;
/*!40000 ALTER TABLE `qna_comment` DISABLE KEYS */;
INSERT INTO `qna_comment` (`qna_no`, `qna_comment_content`, `member_no`, `create_date`, `update_date`) VALUES
	(1, 'a1', 1, '2021-09-29 10:39:51', '2021-09-29 10:39:52'),
	(3, 'a3', 1, '2021-09-29 10:40:05', '2021-09-29 10:40:06'),
	(14, '하이요8!', 1, '2021-10-11 20:31:39', '2021-10-11 20:31:39');
/*!40000 ALTER TABLE `qna_comment` ENABLE KEYS */;

/*!40101 SET SQL_MODE=IFNULL(@OLD_SQL_MODE, '') */;
/*!40014 SET FOREIGN_KEY_CHECKS=IFNULL(@OLD_FOREIGN_KEY_CHECKS, 1) */;
/*!40101 SET CHARACTER_SET_CLIENT=@OLD_CHARACTER_SET_CLIENT */;
/*!40111 SET SQL_NOTES=IFNULL(@OLD_SQL_NOTES, 1) */;
